,cadmio,cobre,coliformes_termotolerantes,coliformes_totales,cromo,dbo5,dqo,hierro,manganeso,niquel,ph,plomo,solidos_suspendidos,solidos_totales,zinc,fecha,referencia
0,0.5,1.0,3.0,3.0,2.0,0.68,11.81,1.883,0.05285,4.0,8.2,10.0,41.0,313.0,0.1353,06/04/01,P1
1,0.5,1.0,2.2,7.0,2.0,0.18,23.42,5.179,0.1641,4.0,8.36,10.0,185.0,453.0,0.09056,06/04/01,P2
2,0.5,1.0,7.0,1.7,2.0,0.48,19.68,6.043,0.2047,4.0,8.47,10.0,209.0,470.0,0.09999,06/04/01,P3
3,0.5,1.0,1.1,1.1,2.0,0.58,7.87,3.159,0.09761,4.0,8.34,10.0,74.0,350.0,0.09698,06/04/01,P4
4,0.5,2.89,1.3,1.3,2.0,0.35,7.75,1.093,0.03675,5.2,8.44,10.0,0.0,293.0,0.1172,07/04/01,P1
5,0.5,6.58,3.0,3.0,4.01,0.37,11.63,1.258,0.07701,15.34,8.17,10.0,3.0,297.0,0.136,07/04/01,P2
6,0.5,6.85,2.2,2.2,6.33,0.37,9.69,1.106,0.06362,29.4,8.2,10.0,7.0,305.0,0.07549,07/04/01,P3
7,0.5,11.25,1.7,1.7,2.0,0.52,23.62,1.581,0.03941,26.95,8.2,10.0,4.0,322.0,0.08745,07/04/01,P4
8,0.5,4.79,8.0,5.0,2.0,0.88,11.79,0.614,0.04747,27.4,8.63,14.73,11.0,426.0,0.04074,03/20/02,P1
9,0.5,1.77,1.7,3.0,2.0,0.9,9.82,0.003,0.001,9.01,8.5,37.5,11.0,439.0,0.00379,03/20/02,P2
10,0.5,2.82,2.2,8.0,2.0,0.73,1.96,1.068,0.08725,19.28,8.55,10.0,22.0,477.0,0.01869,03/20/02,P3
11,0.5,5.14,8.0,1.7,2.0,0.93,3.93,5.103,0.1195,27.21,8.55,15.67,81.0,534.0,0.03026,03/20/02,P4
12,12.3,32.019999999999996,1.7,5.0,190.34,248.93,1.83,3.6799999999999997,0.506,308.36,8.502,72.76,292.6,927.8,0.386,11/06/02,P1
13,12.42,29.18,5.0,3.0,200.0,282.2,1.65,4.306,0.372,301.1,8.468,60.0,292.6,969.0,0.336,11/06/02,P2
14,12.22,50.18,8.0,2.4,178.08,277.6,1.68,4.01,0.382,308.86,8.522,66.64,292.6,1118.0,0.48,11/06/02,P3
15,12.42,24.02,3.0,3.0,180.76,272.8,1.75,4.224,0.552,283.0,8.47,60.0,733.6,1876.0,0.264,11/06/02,P4
16,12.0,9.059999999999999,3.0,5.0,20.0,0.73,26.0,0.8366800000000001,0.048,50.0,8.8,60.0,148.48,438.0,0.027380000000000005,12/04/02,P1
17,16.0,25.639999999999997,8.0,1.3,42.08,0.95,14.971,1.25114,0.09684000000000001,82.97999999999999,8.6,80.0,125.47999999999999,463.0,0.10147999999999999,12/04/02,P2
18,12.0,18.0,1.7,5.0,20.66,0.55,22.4,2.862,0.10200000000000001,50.0,8.7,60.0,48.2,453.0,0.03286,12/04/02,P3
19,12.0,9.120000000000001,5.0,8.0,20.0,0.48,25.0,0.64978,0.052000000000000005,50.0,8.7,60.0,131.76,460.0,0.03616,12/04/02,P4
20,10.0,10.36,5.0,1.7,20.0,0.5,25.0,0.262,0.036000000000000004,50.0,7.738000000000001,50.0,122.4,306.0,0.032,03/31/03,P1
21,10.0,19.82,2.4,7.0,35.3,0.8,25.0,9.770199999999999,0.04,51.04,7.774000000000001,50.0,13.2,305.0,0.054279999999999995,03/31/03,P2
22,15.413470297029702,38.231235294117646,3.5687358490566035,3.6551660516605167,152.32398533007333,39.34566204506066,29.965612111292966,16.809934490861618,2.5159049600000003,158.78509536082473,8.001989881956156,78.52480693069307,217.1907132352941,224.88952222222224,1.7132623208556148,03/31/03,P3
23,15.413470297029702,38.231235294117646,3.5687358490566035,3.6551660516605167,152.32398533007333,39.34566204506066,29.965612111292966,16.809934490861618,2.5159049600000003,158.78509536082473,8.001989881956156,78.52480693069307,217.1907132352941,224.88952222222224,1.7132623208556148,03/31/03,P4
24,16.0,30.919999999999998,3.0,9.0,247.2,20.398,23.0964,32.0856,3.0420000000000003,277.44,7.802,80.0,327.6,813.0,0.89,04/28/03,P1
25,10.0,54.739999999999995,3.0,1.3,213.8,1.675,23.718200000000003,9.462000000000002,0.384,191.78,8.208000000000002,50.0,327.6,977.0,0.402,04/28/03,P2
26,10.0,69.56,3.0,3.0,359.86,1.4549999999999998,19.621199999999998,5.994000000000001,0.442,228.9,7.973999999999999,50.0,327.6,794.0,0.612,04/28/03,P3
27,17.96,44.959999999999994,8.0,8.0,122.3,27.27,19.0412,34.3036,3.3852800000000003,283.18,7.926,148.76,327.6,1084.0,1.4960799999999999,04/28/03,P4
28,10.0,10.0,1.3,3.0,20.0,0.75,25.0,0.774,0.04,50.0,7.781999999999999,50.0,0.0,338.0,0.026000000000000002,07/23/03,P1
29,10.0,10.36,1.1,5.0,20.0,0.75,25.0,0.29000000000000004,0.036000000000000004,50.0,7.744,50.0,0.0,364.0,0.030000000000000006,07/23/03,P2
30,10.0,19.82,1.1,5.0,35.3,0.88,25.0,9.770199999999999,0.04,51.04,7.774000000000001,50.0,0.0,341.0,0.054279999999999995,07/23/03,P3
31,12.0,18.88,3.0,5.0,35.3,1.1,25.0,9.880880000000001,0.04,51.04,8.128,60.0,22.0,329.0,0.051660000000000005,07/23/03,P4
32,0.5,3.7120000000000006,1.3,5.0,2.0,1.4,23.7,2.4158000000000004,0.0069,18.881999999999998,7.356,25.4,84.4,449.0,0.063016,09/24/03,P1
33,0.5,9.668000000000001,8.0,1.1,2.5,1.0,21.8,0.190062,0.3736,50.0,7.264,38.0,6.0,469.0,0.022,09/24/03,P2
34,1.2,39.704,8.0,2.2,6.1,1.5,27.7,23.91296,0.0169,281.5,7.432,343.2,4.4,426.0,1.6020600000000003,09/24/03,P3
35,0.5,38.064,2.3,2.8,8.6,1.0,19.8,5.152279999999999,0.0135,122.46,7.004,257.4,38.56,459.0,1.0221999999999998,09/24/03,P4
36,0.5,4.258,1.1,5.0,5.7,1.1,5.9,0.24156,0.0715,15.559999999999999,7.723999999999999,10.0,3.2,396.0,0.033808,12/08/03,P1
37,0.5,4.412,1.7,3.0,11.0,0.9,5.9,0.23383999999999996,0.1154,16.142000000000003,7.723999999999999,10.0,5.2,408.0,0.034406,12/08/03,P2
38,0.5,4.412,1.3,2.4,13.6,0.9,3.7,1.2666600000000001,0.0917,15.162,7.723999999999999,10.0,41.4,426.0,0.052357999999999995,12/08/03,P3
39,0.5,4.412,2.8,8.0,19.7,0.4,3.7,1.2666600000000001,0.0706,15.162000000000003,7.853999999999999,10.0,41.4,434.0,0.052358,12/08/03,P4
40,0.5,4.412,5.0,1.7,2.0,0.8,16.0,1.2666600000000001,0.0597,15.162000000000003,7.9959999999999996,10.0,41.4,429.0,0.052358,01/26/04,P1
41,0.5,2.276,1.7,1.3,2.0,1.0,14.0,2.5814000000000004,0.1589,12.738,8.18,10.0,87.6,454.0,0.050754,01/26/04,P2
42,0.5,2.276,3.0,5.0,2.0,0.8,14.0,2.5814000000000004,0.0813,12.738,8.222,10.0,87.6,452.0,0.050754,01/26/04,P3
43,0.5,2.276,1.1,5.0,2.0,0.6,12.0,2.5814000000000004,0.0414,12.738,8.08,10.0,87.6,460.0,0.050754,01/26/04,P4
44,0.5,4.412,5.0,2.8,2.0,0.7,1.95,1.2666600000000001,0.0344,15.162,8.308000000000002,10.0,41.4,432.0,0.052357999999999995,02/16/04,P1
45,0.5,2.276,1.03,3.0,2.0,0.9,5.9,2.5814000000000004,0.2044,12.738,7.723999999999999,10.0,87.6,468.0,0.05075399999999999,02/16/04,P2
46,0.94,4.258,1.3,5.0,3.5,0.8,1.95,0.24156,0.0594,15.559999999999999,8.136,10.0,3.2,399.0,0.033808,02/16/04,P3
47,0.56,3.318,1.3,1.3,5.1,0.4,3.9,2.5206000000000004,0.0212,17.258,7.803999999999999,10.0,86.6,478.0,0.056606000000000004,02/16/04,P4
48,3.2,6.8,1.7,5.0,2.0,1.3,14.528799999999999,0.2389,0.0379,16.6,8.42,10.0,0.0,411.0,0.021,10/11/04,P1
49,8.5,7.7,5.0,1.7,2.0,0.9,20.3576,0.2984,0.0559,18.8,8.37,10.0,0.0,420.0,0.1057,10/11/04,P2
50,6.3,5.1,1.0,1.3,2.0,0.7,20.3576,0.4544,0.0538,25.1,8.4,119.5,0.0,428.0,0.0158,10/11/04,P3
51,9.1,5.7,2.4,1.3,2.0,0.7,20.3576,1.552,0.0582,24.1,8.43,70.5,33.0,461.0,0.0315,10/11/04,P4
52,0.5,6.4,5.0,2.2,41.3,0.8,29.0,2.351222,0.1753,31.6,7.622,10.0,82.4,461.0,0.06211,05/02/05,P1
53,0.5,3.7640000000000002,8.0,8.0,27.3,0.7,23.0,2.52524,0.1788,25.456,7.0280000000000005,10.0,85.6,481.0,0.057848,05/02/05,P2
54,0.5,10.0,1.3,2.2,14.8,0.6,27.0,0.40800000000000003,0.2,50.0,6.792,29.3,33.8,497.0,0.02,05/02/05,P3
55,1.2,10.7,8.0,5.0,17.3,0.7,35.0,1.9740000000000002,0.2066,50.0,6.981999999999999,10.0,27.8,593.0,0.026000000000000002,05/02/05,P4
56,0.5,1.0,2.4,7.9,3.0,0.2,18.0,0.0553,0.0153,8.0,8.42,15.7,0.0,349.0,0.0008,06/28/06,P1
57,0.88,1.0,1.3,2.4,3.0,0.2,14.0,0.0416,0.003,6.1,8.28,10.0,1.0,358.0,0.0008,06/28/06,P2
58,0.61,1.0,1.7,4.6,3.0,0.3,31.0,0.0225,0.004,7.2,8.36,21.4,1.0,359.0,0.0008,06/28/06,P3
59,0.83,1.0,2.2,2.7,3.0,0.2,10.0,0.0149,0.0011,8.9,8.47,38.9,4.0,405.0,0.0008,06/28/06,P4
60,15.413470297029702,38.231235294117646,3.5687358490566035,3.6551660516605167,152.32398533007333,39.34566204506066,29.965612111292966,16.809934490861618,2.5159049600000003,158.78509536082473,8.001989881956156,78.52480693069307,217.1907132352941,224.88952222222224,1.7132623208556148,06/28/06,P5
61,15.413470297029702,38.231235294117646,3.5687358490566035,3.6551660516605167,152.32398533007333,39.34566204506066,29.965612111292966,16.809934490861618,2.5159049600000003,158.78509536082473,8.001989881956156,78.52480693069307,217.1907132352941,224.88952222222224,1.7132623208556148,06/28/06,P6
62,20.0,30.9,2.8,2.2,50.0,1.2,54.0,3.432,0.0601,34.8,7.5,100.0,38.0,320.0,0.053,03/23/11,P1
63,20.0,20.7,1.3,9.4,50.0,1.0,58.0,3.1,0.0656,15.4,7.64,100.0,22.0,328.0,0.0552,03/23/11,P2
64,20.0,18.9,4.9,2.4,50.0,1.3,44.0,4.195,0.0698,29.4,7.77,100.0,28.0,337.0,1.249,03/23/11,P3
65,20.0,28.2,3.3,2.2,50.0,1.0,50.0,9.803,0.1662,33.5,7.88,100.0,193.0,513.0,0.0633,03/23/11,P4
66,20.0,17.7,1.7,1.7,50.0,1.0,58.0,5.002,0.0665,25.7,7.9,100.0,37.0,342.0,0.0319,03/23/11,P5
67,20.0,13.4,1.6,1.6,50.0,0.3,12.0,2.106,0.035,27.7,8.1,100.0,37.0,455.0,0.0239,03/23/11,P6
68,20.0,6.3,7.9,2.4,6.0,0.6,16.0,0.2859,0.0209,15.0,7.98,100.0,217.8,161.73039999999997,0.0041,06/22/11,P1
69,20.0,6.4,1.3,2.2,6.0,0.6,18.0,0.3056,0.052,15.0,8.01,100.0,52.4,585.2,0.0385,06/22/11,P2
70,20.0,5.9,4.9,1.1,6.0,0.6,8.0,0.307,0.0446,15.0,8.06,100.0,337.2,72.16120000000001,0.1246,06/22/11,P3
71,20.0,6.2,7.9,1.7,6.0,0.6,16.0,0.2601,0.0345,15.0,8.11,100.0,217.8,161.73039999999997,0.0947,06/22/11,P4
72,20.0,5.7,7.0,9.4,6.0,0.7,14.0,0.288,0.0464,15.0,8.04,100.0,309.68,318.52200000000005,0.0504,06/22/11,P5
73,20.0,4.5,7.9,1.3,6.0,0.3,6.0,0.0778,0.0097,15.0,7.82,100.0,251.8,101.6814,0.0561,06/22/11,P6
74,20.0,22.0,4.9,4.9,20.0,0.8,58.0,12.89,0.1217,50.0,7.82,100.0,105.0,366.0,0.0547,10/05/11,P1
75,20.0,24.4,1.3,1.3,20.0,1.0,58.0,9.922,0.1133,50.0,7.81,100.0,116.0,412.0,0.0529,10/05/11,P2
76,20.0,18.4,1.3,1.7,20.0,0.8,46.0,11.72,0.1166,50.0,7.88,100.0,101.0,430.0,0.035,10/05/11,P3
77,20.0,22.5,4.9,1.7,20.0,0.6,46.0,13.19,0.1557,50.0,8.03,100.0,143.0,438.0,0.0469,10/05/11,P4
78,20.0,20.7,7.9,4.9,20.0,1.1,64.0,13.5,0.1465,14.9,7.94,100.0,103.0,399.0,0.0451,10/05/11,P5
79,20.0,20.2,1.3,4.9,20.0,0.4,14.0,0.7265,0.0132,117.2,8.12,100.0,9.0,367.0,0.2562,10/05/11,P6
80,20.0,4.0,3.5,4.0,20.0,1.0,42.0,5.927,0.056420000000000005,50.0,7.84,100.0,4.606,470.4,0.0158,12/20/11,P1
81,20.0,4.0,3.3,1.1,20.0,0.9,38.0,8.325,0.07067999999999999,50.0,7.74,100.0,4.606,570.6,0.0382,12/20/11,P2
82,20.0,6.1,7.0,1.7,20.0,1.4,40.0,14.58,0.08654,50.0,7.72,100.0,4.606,595.6,0.0377,12/20/11,P3
83,20.0,11.9,3.3,1.1,25.3,1.1,46.0,20.03,0.14148,50.0,7.79,100.0,24.6,570.6,0.0784,12/20/11,P4
84,20.0,4.0,3.3,1.1,20.0,0.8,32.0,8.992,0.05478000000000001,50.0,7.8,100.0,4.644,570.6,0.0226,12/20/11,P5
85,20.0,50.0,1.7,4.9,23.3,0.2,12.0,13.21,0.06486,50.0,8.11,100.0,124.2,322.53200000000004,0.0343,12/20/11,P6
86,20.0,501.9,3.3,7.9,20.0,0.7,21.0,1.934,0.0314,50.0,8.3,100.0,13.0,255.0,0.0583,04/09/12,P1
87,20.0,12.5,2.2,1.1,20.0,0.8,21.0,3.618,0.114,50.0,8.1,100.0,153.0,367.0,0.0336,04/09/12,P2
88,20.0,111.9,1.1,1.7,67.6,3.1,107.0,78.62,2.218,86.6,7.91,100.0,2320.0,2968.0,0.2925,04/09/12,P3
89,20.0,160.7,1.7,7.9,20.0,0.9,32.0,8.047,0.1592,50.0,8.31,100.0,180.0,458.0,0.0438,04/09/12,P4
90,20.0,244.9,3.3,7.9,20.0,1.0,19.0,4.576,0.1323,50.0,8.3,100.0,170.0,398.0,0.0796,04/09/12,P5
91,20.0,13.6,2.3,1.7,20.0,0.2,4.0,0.1618,0.01,50.0,8.1,100.0,9.0,403.0,0.0159,04/09/12,P6
92,20.0,12.4,1.4,1.4,20.0,3.25,68.0,6.2557,0.16394,50.0,7.66,100.0,27.6,600.0,0.0271,06/26/12,P1
93,20.0,12.7,1.3,1.7,20.0,3.5,62.0,5.8311,0.13242,50.0,7.47,100.0,30.4,600.0,0.0318,06/26/12,P2
94,20.0,13.3,9.2,1.6,20.0,3.75,70.0,7.3678,0.16394,50.0,7.49,100.0,110.2,422.4,0.0448,06/26/12,P3
95,20.0,10.8,1.3,2.4,20.0,2.55,50.0,5.0853,0.12123999999999999,50.0,7.6,100.0,24.6,580.6,0.0541,06/26/12,P4
96,20.0,15.2,2.4,5.4,20.0,3.45,60.0,5.9565,0.13242,50.0,7.58,100.0,29.2,385.0,0.0367,06/26/12,P5
97,20.0,5.0,4.9,7.0,20.0,0.55,27.0,0.26,0.054779999999999995,50.0,7.51,100.0,8.483999999999998,393.4,0.1225,06/26/12,P6
98,20.0,9.6,7.9,1.7,20.0,1.1,25.0,0.0666,0.0371,50.0,8.64,100.0,6.4,401.0,0.0125,09/27/12,P1
99,20.0,8.5,7.0,1.4,20.0,1.1,25.0,0.0748,0.0834,50.0,8.66,100.0,6.4,382.0,0.0158,09/27/12,P2
100,20.0,8.6,2.0,1.1,20.0,0.9,25.0,0.1054,0.033,50.0,8.75,100.0,6.4,375.0,0.0155,09/27/12,P3
101,20.0,49.9,4.5,4.9,20.0,0.89,25.0,0.0548,0.0075,50.0,8.63,100.0,6.4,464.0,0.0158,09/27/12,P4
102,20.0,7.5,3.3,7.0,20.0,1.2,25.0,0.1004,0.0805,50.0,8.65,100.0,6.4,435.0,0.0145,09/27/12,P5
103,20.0,4.0,1.8,2.3,20.0,0.89,25.0,0.3222,0.0399,50.0,7.75,100.0,6.4,458.0,0.0194,09/27/12,P6
104,20.0,7.4,7.9,3.3,20.0,0.89,25.0,0.406,0.05478000000000001,50.0,8.37,100.0,6.4,411.2,0.0257,12/04/12,P1
105,20.0,6.2,1.3,1.7,20.0,0.89,25.0,0.3374,0.054779999999999995,50.0,8.31,100.0,39.440000000000005,432.3848,0.012,12/04/12,P2
106,20.0,5.6,4.9,7.9,20.0,0.89,25.0,0.3689,0.054779999999999995,50.0,8.3,100.0,140.23999999999998,406.4344,0.0308,12/04/12,P3
107,20.0,12.9,7.9,1.1,20.0,0.89,25.0,0.6083,0.06960000000000001,50.0,8.32,100.0,35.72,385.4,0.037,12/04/12,P4
108,20.0,5.3,3.3,4.9,20.0,0.89,25.0,0.4134,0.05478000000000001,50.0,8.3,100.0,6.959999999999999,422.6,0.0169,12/04/12,P5
109,20.0,4.0,1.7,7.9,20.0,0.89,25.0,0.198,0.054779999999999995,50.0,7.83,100.0,134.56,405.0344,0.01,12/04/12,P6
110,20.0,18.5,3.5,9.2,20.0,5.35,74.0,10.3213,0.2048,50.0,7.51,100.0,128.0,439.0,0.0381,03/19/13,P1
111,20.0,16.8,1.3,9.2,20.0,5.55,56.0,9.4622,0.2001,50.0,7.36,100.0,124.0,435.0,0.0355,03/19/13,P2
112,20.0,18.4,3.5,1.6,20.0,5.1,75.0,8.8902,0.1835,50.0,7.34,100.0,116.0,425.0,0.0377,03/19/13,P3
113,20.0,20.9,3.5,9.2,20.0,5.05,73.0,11.957,0.2044,50.0,7.42,100.0,155.0,479.0,0.0678,03/19/13,P4
114,20.0,18.6,1.3,9.2,20.0,5.25,64.0,10.5336,0.2149,50.0,7.19,100.0,130.0,445.0,0.0596,03/19/13,P5
115,20.0,4.0,3.3,3.3,20.0,0.35,60.0,0.159,0.0121,50.0,7.71,100.0,6.4,430.0,0.01,03/19/13,P6
116,10.0,37.5,7.9,3.5,20.0,1.0,26.0,0.2148,0.12799999999999997,50.0,8.3,50.0,124.244,399.2,0.0263,06/20/13,P1
117,10.0,20.8,7.0,5.4,20.0,1.0,25.0,0.2137,0.064,50.0,8.24,50.0,177.0,591.6,0.0213,06/20/13,P2
118,10.0,21.0,1.1,2.2,20.0,1.0,35.0,0.2749,0.08630879999999999,50.0,8.31,50.0,6.2,580.6,0.0945,06/20/13,P3
119,10.0,28.0,4.9,5.4,20.0,1.0,25.0,2.3727,0.098,50.0,8.32,50.0,172.0,397.0,0.0639,06/20/13,P4
120,10.0,22.1,7.9,1.7,20.0,1.0,25.0,0.2295,0.06400000000000002,50.0,8.26,50.0,124.2,438.0,0.0296,06/20/13,P5
121,10.0,24.9,1.1,7.9,20.0,1.0,25.0,0.1009,0.21000000000000002,50.0,7.58,50.0,136.4,386.2344,0.013,06/20/13,P6
122,10.0,4.0,1.3,1.3,20.0,1.7,25.0,0.129,0.0271,50.0,8.64,50.0,6.0,433.0,0.0195,09/11/13,P1
123,10.0,4.0,3.3,4.9,20.0,1.75,25.0,0.0123,0.056,50.0,8.62,50.0,6.0,418.0,0.01,09/11/13,P2
124,10.0,4.0,3.3,3.3,20.0,1.35,25.0,0.069,0.0103,50.0,8.81,50.0,6.0,411.0,0.01,09/11/13,P3
125,10.0,4.0,5.4,5.4,20.0,0.7,25.0,0.0901,0.0083,50.0,8.32,50.0,6.0,419.0,0.01,09/11/13,P4
126,10.0,4.0,7.9,2.4,20.0,1.45,25.0,0.2427,0.0872,50.0,8.65,50.0,6.0,420.0,0.01,09/11/13,P5
127,10.0,4.0,1.3,3.1,20.0,0.65,25.0,0.0262,0.0251,50.0,7.83,50.0,6.0,473.0,0.01,09/11/13,P6
128,10.0,45.5,4.14,4.86,46.4,3.6,46.0,2.8281,0.188,50.0,7.84,50.0,4.6823999999999995,428.6,0.1472,01/31/14,P1
129,10.0,57.6,4.14,4.86,65.7,3.4,47.0,42.691,0.24,50.0,7.79,50.0,4.6823999999999995,428.6,0.1541,01/31/14,P2
130,10.0,51.6,4.04,4.82,59.1,2.7,37.0,35.576,0.2,50.0,7.81,50.0,4.606,341.7548,0.1943,01/31/14,P3
131,10.0,68.5,4.14,4.86,91.7,2.6,91.0,56.342,0.6436,59.7,7.8,50.0,188.4,428.6,0.2026,01/31/14,P4
132,10.0,60.0,4.14,4.86,81.6,3.4,43.0,50.171,0.24000000000000005,52.7,7.74,50.0,4.606,428.6,0.1859,01/31/14,P5
133,10.0,59.1,1.78,5.0,96.5,1.0,25.0,47.751,1.53324,55.2,7.84,50.0,40.0,335.4,0.1514,01/31/14,P6
134,10.0,10.0,2.2,5.4,20.0,0.9,41.0,1.36,0.05,50.0,8.19,50.0,15.0,280.0,0.03,04/29/14,P1
135,10.0,10.0,3.3,7.9,20.0,1.05,33.0,1.29,0.07,50.0,8.3,50.0,22.0,328.0,0.13,04/29/14,P2
136,10.0,10.0,2.3,1.1,20.0,0.9,41.0,1.43,0.06,50.0,8.4,50.0,28.0,347.0,0.08,04/29/14,P3
137,10.0,24.2,9.4,5.4,20.0,1.35,31.0,4.11,0.16,50.0,8.43,50.0,134.0,497.0,0.08,04/29/14,P4
138,10.0,12.2,4.9,3.5,20.0,0.95,27.0,2.24,0.08,50.0,8.29,50.0,48.0,390.0,0.06,04/29/14,P5
139,10.0,15.5,7.8,7.9,20.0,0.15,25.0,1.89,0.03,50.0,8.13,50.0,47.0,513.0,0.05,04/29/14,P6
140,10.0,10.0,2.4,2.4,20.0,0.4,25.0,0.22,0.034,50.0,8.27,50.0,8.0,439.2,0.06,07/15/14,P1
141,10.0,10.0,1.7,1.7,20.0,0.5,25.0,0.21,0.044,50.0,8.29,50.0,6.6,468.8,0.08,07/15/14,P2
142,10.0,10.0,4.9,1.7,20.0,0.35,25.0,0.19,0.04,50.0,8.41,50.0,7.0,442.2,0.05,07/15/14,P3
143,10.0,96.7,3.3,7.0,20.0,0.95,25.0,0.31,0.19585999999999998,50.0,8.52,50.0,136.4,310.2344,0.05,07/15/14,P4
144,10.0,10.0,3.3,4.9,20.0,0.6,25.0,0.7,0.046,50.0,8.4,50.0,14.2,433.6,0.05,07/15/14,P5
145,10.0,10.0,2.4,2.4,20.0,0.4,25.0,0.13,0.04,50.0,8.02,50.0,8.0,439.2,0.05,07/15/14,P6
146,10.0,18.3,5.4,1.6,20.0,1.05,34.0,2.7,0.10600000000000001,50.0,8.74,50.0,52.6,595.6,0.27,01/27/15,P1
147,10.0,10.3,3.5,1.6,20.0,1.1,36.0,2.65,0.07030879999999999,50.0,8.72,50.0,12.2,556.6,0.05,01/27/15,P2
148,10.0,13.3,3.5,1.6,20.0,1.1,32.0,3.5,0.0923088,50.0,8.81,50.0,10.0,540.6,0.15,01/27/15,P3
149,10.0,77.1,1.3,3.5,68.4,4.1,45.0,51.56,0.22305999999999998,62.7,8.61,50.0,4.606,600.0,0.2,01/27/15,P4
150,10.0,11.1,1.6,1.6,20.0,0.7,29.0,5.13,0.12399,50.0,8.77,50.0,13.2,476.6,0.03,01/27/15,P5
151,10.0,63.5,2.4,2.4,85.9,0.5,25.0,44.55,0.18306,54.5,8.78,50.0,40.0,512.1848,0.13,01/27/15,P6
152,10.0,13.4,1.3,9.2,20.0,1.25,40.0,4.65,0.08,50.0,8.09,50.0,85.0,385.0,0.04,03/31/15,P1
153,10.0,12.3,1.7,3.5,20.0,0.4,44.0,4.74,0.09,50.0,8.31,50.0,180.0,374.0,0.04,03/31/15,P2
154,10.0,36.7,2.2,2.8,20.0,0.55,26.0,9.91,0.15,50.0,8.3,50.0,180.0,4.78,0.05,03/31/15,P3
155,10.0,28.9,1.3,5.4,28.8,0.55,37.0,21.04,0.31,50.0,8.33,50.0,420.0,667.0,0.07,03/31/15,P4
156,10.0,13.5,9.2,1.6,20.0,0.45,32.0,7.76,0.1,50.0,8.3,50.0,98.0,403.0,0.05,03/31/15,P5
157,10.0,10.0,2.3,4.9,20.0,0.1,25.0,5.09,0.06,50.0,8.37,50.0,115.0,567.0,0.06,03/31/15,P6
158,10.0,10.0,1.3,3.3,20.0,0.6,25.0,1.79,0.034,50.0,7.55,50.0,7.0,382.8,0.02,07/07/15,P1
159,10.0,10.0,1.3,1.3,20.0,0.65,25.0,1.97,0.032,50.0,7.84,50.0,8.4,468.2,0.02,07/07/15,P2
160,10.0,10.0,4.9,4.9,20.0,0.5,25.0,1.9,0.048159600000000004,50.0,7.92,50.0,12.0,466.6,0.02,07/07/15,P3
161,10.0,10.0,1.3,3.3,20.0,0.65,25.0,1.31,0.04,50.0,7.97,50.0,6.6,400.0,0.02,07/07/15,P4
162,10.0,10.0,4.9,7.9,20.0,0.55,25.0,2.04,0.06,50.0,7.94,50.0,6.4,428.2,0.02,07/07/15,P5
163,10.0,47.0,3.3,2.3,20.0,0.2,25.0,0.85,0.24,50.0,7.55,50.0,40.0,485.7848,0.21,07/07/15,P6
164,10.0,10.0,3.3,1.3,20.0,0.85,50.0,0.11,0.03,50.0,8.39,50.0,6.0,422.0,0.02,10/13/15,P1
165,10.0,10.0,3.3,4.6,20.0,1.1,32.0,0.22,0.07,50.0,8.42,50.0,6.0,449.0,0.02,10/13/15,P2
166,10.0,10.0,3.3,1.1,20.0,0.9,25.0,0.24,0.05,50.0,8.58,50.0,6.0,450.0,0.08,10/13/15,P3
167,10.0,10.0,1.7,3.3,20.0,0.8,25.0,0.2,0.04,50.0,8.59,50.0,6.0,466.0,0.02,10/13/15,P4
168,10.0,10.0,1.7,1.7,20.0,0.95,25.0,0.22,0.08,50.0,8.46,50.0,6.0,438.0,0.02,10/13/15,P5
169,15.413470297029702,38.231235294117646,3.5687358490566035,3.6551660516605167,152.32398533007333,39.34566204506066,29.965612111292966,16.809934490861618,2.5159049600000003,158.78509536082473,8.001989881956156,78.52480693069307,217.1907132352941,224.88952222222224,1.7132623208556148,10/13/15,P6
170,10.0,10.0,3.3,4.6,20.0,1.7,30.0,2.43,0.08,50.0,8.3,50.0,10.044,301.6848,0.03,01/12/16,P1
171,10.0,10.0,4.9,7.9,20.0,2.0,37.0,2.33,0.074,50.0,7.98,50.0,13.206,323.5548,0.04,01/12/16,P2
172,10.0,10.0,2.8,1.3,21.6,1.8,25.0,2.45,0.049168199999999995,50.0,8.31,50.0,44.6,459.1848,0.03,01/12/16,P3
173,10.0,10.0,7.9,2.2,20.0,1.6,25.0,2.49,0.06,50.0,8.32,50.0,7.0,442.8,0.03,01/12/16,P4
174,10.0,10.0,4.9,7.9,20.0,1.8,25.0,2.37,0.052000000000000005,50.0,8.07,50.0,6.4,423.6,0.02,01/12/16,P5
175,15.413470297029702,38.231235294117646,3.5687358490566035,3.6551660516605167,152.32398533007333,39.34566204506066,29.965612111292966,16.809934490861618,2.5159049600000003,158.78509536082473,8.001989881956156,78.52480693069307,217.1907132352941,224.88952222222224,1.7132623208556148,01/12/16,P6
176,10.0,10.0,1.1,1.1,20.0,0.8,40.0,1.62,0.05,50.0,8.06,50.0,8.0,242.0,0.02,04/19/16,P1
177,10.0,10.0,1.3,2.3,20.0,0.6,36.0,1.53,0.05,50.0,7.77,50.0,12.0,338.0,0.02,04/19/16,P2
178,10.0,10.0,7.0,1.1,20.0,0.7,37.0,1.49,0.04,50.0,7.65,50.0,9.0,277.0,0.02,04/19/16,P3
179,10.0,10.0,1.3,4.6,20.0,1.0,27.0,2.34,0.08,50.0,7.53,50.0,42.0,359.0,0.02,04/19/16,P4
180,10.0,10.0,1.3,4.9,20.0,0.75,26.0,1.62,0.05,50.0,7.66,50.0,8.0,273.0,0.02,04/19/16,P5
181,10.0,10.0,7.9,1.1,20.0,1.58,25.0,0.21,0.01,50.0,7.5,50.0,6.0,550.0,0.04,04/19/16,P6
182,10.0,10.0,6.8,1.7,20.0,0.0,31.0,0.4,0.02,50.0,8.23,50.0,10.2,335.6,0.02,07/19/16,P1
183,10.0,10.0,6.1,1.2,20.0,0.0,25.0,0.34,0.03,50.0,8.28,50.0,7.0,476.6,0.03,07/19/16,P2
184,10.0,10.0,4.5,4.5,20.0,0.0,30.0,0.32,0.02,50.0,8.45,50.0,7.244,304.6848,0.03,07/19/16,P3
185,10.0,10.0,6.8,9.3,20.0,0.0,25.0,0.41,0.03,50.0,8.37,50.0,6.4,568.6,0.05,07/19/16,P4
186,10.0,10.0,4.5,4.5,20.0,0.0,27.0,0.4,0.04,50.0,8.31,50.0,14.8,430.4,0.03,07/19/16,P5
187,10.0,10.0,3.3,3.3,20.0,0.0,25.0,0.08,0.03,50.0,7.57,50.0,8.0,536.2,0.02,07/19/16,P6
188,10.0,12.3,1.1,1.7,20.0,1.1,53.0,1.59,0.05,50.0,8.39,50.0,6.0,393.0,0.02,10/11/16,P1
189,10.0,10.1,2.3,2.3,20.0,1.35,45.0,1.28,0.09,50.0,8.3,50.0,6.0,381.0,0.02,10/11/16,P2
190,10.0,10.0,4.0,2.2,20.0,1.2,21.0,1.18,0.07,50.0,8.38,50.0,6.0,376.0,0.02,10/11/16,P3
191,10.0,10.0,1.3,1.3,20.0,1.0,29.0,0.88,0.05,50.0,8.4,50.0,6.0,387.0,0.02,10/11/16,P4
192,10.0,10.4,1.7,7.9,20.0,1.4,27.0,1.47,0.09,50.0,8.3,50.0,6.0,382.0,0.02,10/11/16,P5
193,10.0,10.0,7.9,1.3,20.0,0.33,46.0,0.39,0.05,50.0,7.67,50.0,6.0,556.0,0.03,10/11/16,P6
194,10.0,12.9,1.3,3.3,20.0,2.55,78.0,6.68,0.35,50.0,7.75,50.0,44.0,487.2,0.03,01/10/17,P1
195,10.0,13.2,1.1,1.1,20.0,2.6,50.0,8.12,0.34,50.0,7.71,50.0,38.4,575.2,0.03,01/10/17,P2
196,10.0,15.3,7.0,1.1,20.0,2.6,55.0,10.81,0.35,50.0,7.73,50.0,11.4,595.6,0.04,01/10/17,P3
197,10.0,17.2,3.3,1.1,20.0,2.8,59.0,11.31,0.44,50.0,7.77,50.0,27.0,570.6,0.06,01/10/17,P4
198,10.0,13.5,1.3,1.3,20.0,2.55,31.0,8.68,0.34,50.0,7.74,50.0,22.044,516.6848,0.03,01/10/17,P5
199,10.0,10.0,3.3,3.3,20.0,0.4,25.0,0.4,0.01,50.0,8.03,50.0,13.0,536.2,0.02,01/10/17,P6
200,10.0,10.0,7.9,3.5,20.0,0.7,34.0,1.86,0.08,50.0,8.17,50.0,7.0,271.0,0.04,04/18/17,P1
201,10.0,10.0,4.9,4.9,20.0,0.25,31.0,1.91,0.11,50.0,8.12,50.0,10.0,271.0,0.02,04/18/17,P2
202,10.0,10.0,2.3,2.3,20.0,0.4,31.0,1.67,0.09,50.0,8.1,50.0,11.0,297.0,0.02,04/18/17,P3
203,10.0,10.0,4.9,4.9,20.0,0.15,33.0,2.53,0.11,50.0,8.16,50.0,20.0,329.0,0.02,04/18/17,P4
204,10.0,10.0,1.3,2.4,20.0,0.3,41.0,0.25,0.11,50.0,8.03,50.0,18.0,294.0,0.03,04/18/17,P5
205,10.0,10.0,4.9,7.9,20.0,0.03,35.0,0.61,0.04,50.0,8.1,50.0,4.0,502.0,0.02,04/18/17,P6
206,10.0,11.8,2.18,4.34,20.0,0.5,25.0,0.35,0.03,50.0,7.69,50.0,2.4,330.8,0.03,07/18/17,P1
207,10.0,10.0,3.84,3.5,20.0,0.55,25.0,0.33,0.05,50.0,7.64,50.0,6.2,421.6,0.03,07/18/17,P2
208,10.0,10.0,3.84,3.5,20.0,0.6,25.0,0.28,0.04,50.0,7.78,50.0,5.0,421.6,0.04,07/18/17,P3
209,10.0,10.0,3.54,3.2,20.0,0.5,25.0,0.19,0.05,50.0,7.84,50.0,6.2,421.6,0.04,07/18/17,P4
210,10.0,10.0,3.66,3.3199999999999994,20.0,0.6,25.0,0.16,0.01,50.0,7.74,50.0,5.0,421.6,0.02,07/18/17,P5
211,10.0,10.0,2.6599999999999997,4.1,20.0,0.7,25.0,0.33,0.05,50.0,7.87,50.0,3.8,404.4,0.03,07/18/17,P6
212,10.0,10.0,4.5,1.1,20.0,1.0,25.0,0.31,0.03,50.0,8.05,50.0,6.0,442.0,0.29,10/17/17,P1
213,10.0,10.0,2.0,2.0,20.0,0.85,25.0,0.18,0.1,50.0,7.89,50.0,7.0,455.0,0.04,10/17/17,P2
214,10.0,10.0,7.8,1.1,20.0,0.38,27.0,0.18,0.04,50.0,8.03,50.0,6.0,459.0,0.08,10/17/17,P3
215,10.0,10.0,1.4,1.4,20.0,0.4,25.0,0.31,0.02,50.0,8.08,50.0,6.0,482.0,0.07,10/17/17,P4
216,10.0,10.0,7.8,7.8,20.0,0.6,25.0,0.27,0.09,50.0,7.82,50.0,6.0,445.0,0.02,10/17/17,P5
217,10.0,10.0,4.9,5.4,20.0,0.5,25.0,0.19,0.07,50.0,7.13,50.0,6.0,510.0,0.03,10/17/17,P6
218,10.0,11.6,2.2,4.9,20.0,0.6,35.0,1.44,0.08,50.0,8.1,50.0,9.0,324.0,0.09,01/09/18,P1
219,10.0,10.0,4.9,7.0,20.0,0.7,28.0,1.29,0.11,50.0,7.96,50.0,8.0,344.0,0.08,01/09/18,P2
220,10.0,10.0,6.8,3.3,20.0,0.5,25.0,1.44,0.15,50.0,8.08,50.0,11.0,383.0,0.04,01/09/18,P3
221,10.0,14.4,3.3,1.3,20.0,0.6,25.0,1.56,0.08,50.0,8.14,50.0,22.0,411.0,0.08,01/09/18,P4
222,10.0,10.0,7.9,3.3,20.0,0.65,29.0,1.44,0.1,50.0,8.08,50.0,17.0,367.0,0.11,01/09/18,P5
223,10.0,10.0,1.3,1.3,20.0,0.18,25.0,0.48,0.02,50.0,8.1,50.0,8.0,549.0,0.07,01/09/18,P6
224,10.0,19.0,3.3,3.3,20.0,3.4,79.0,8.66,0.26,50.0,7.12,50.0,230.0,515.0,0.08,04/03/18,P1
225,10.0,18.7,1.7,1.7,20.0,3.05,72.0,8.37,0.26,50.0,7.22,50.0,198.0,496.0,0.05,04/03/18,P2
226,10.0,14.3,4.9,4.9,20.5,2.8,74.0,8.4,0.24,50.0,7.23,50.0,180.0,501.0,0.05,04/03/18,P3
227,10.0,21.8,1.3,1.7,20.0,3.53,90.0,13.08,0.31,50.0,7.35,50.0,290.0,571.0,0.08,04/03/18,P4
228,10.0,14.5,1.3,1.3,20.0,3.1,79.0,9.01,0.25,50.0,7.33,50.0,198.0,510.0,0.05,04/03/18,P5
229,10.0,10.0,2.2,2.2,20.0,0.3,25.0,1.16,0.02,50.0,7.7,50.0,15.0,417.0,0.04,04/03/18,P6
230,10.0,10.0,3.3,4.9,20.0,1.0,25.0,0.34,0.04,50.0,8.34,50.0,14.2,433.6,0.02,07/17/18,P1
231,10.0,10.0,2.2,4.9,20.0,1.0,25.0,0.3,0.04,50.0,8.4,50.0,8.4,409.0,0.02,07/17/18,P2
232,10.0,10.0,4.9,4.9,20.0,1.0,25.0,0.07,0.02,50.0,8.47,50.0,12.0,466.6,0.02,07/17/18,P3
233,10.0,10.0,2.2,2.2,20.0,1.0,25.0,0.08,0.03,50.0,8.49,50.0,6.2,442.4,0.02,07/17/18,P4
234,10.0,10.0,1.1,1.1,20.0,1.0,25.0,0.09,0.03,50.0,8.39,50.0,9.0,488.2,0.02,07/17/18,P5
235,10.0,10.0,3.3,1.3,20.0,1.0,25.0,0.1,0.02,50.0,8.1,50.0,6.2,557.6,0.02,07/17/18,P6
236,10.0,10.0,1.7,1.7,20.0,1.95,26.0,0.6,0.09,50.0,8.7,50.0,18.0,517.0,0.02,10/30/18,P1
237,10.0,10.0,3.5,3.5,20.0,2.2,25.0,0.85,0.23,50.0,8.38,50.0,31.0,532.0,0.02,10/30/18,P2
238,10.0,20.0,5.4,5.4,10.0,1.95,25.0,0.51,0.09,50.0,8.94,50.0,19.0,514.0,0.02,10/30/18,P3
239,10.0,20.0,5.4,9.2,10.0,2.3,25.0,0.72,0.09,50.0,8.92,50.0,22.0,536.0,0.02,10/30/18,P4
240,10.0,20.0,7.9,7.9,10.0,1.6,25.0,0.76,0.18,50.0,8.57,50.0,27.0,531.0,0.02,10/30/18,P5
241,10.0,20.0,1.7,3.5,10.0,0.4,25.0,0.07,0.74,50.0,7.58,50.0,6.0,571.0,0.02,10/30/18,P6
242,10.0,10.0,4.5,4.5,20.0,1.35,25.0,0.28,0.07,50.0,8.41,50.0,12.0,466.6,0.03,01/22/19,P1
243,10.0,10.0,4.5,7.8,20.0,0.85,25.0,0.32,0.11,50.0,8.22,50.0,6.4,423.6,0.06,01/22/19,P2
244,10.0,38.65,2.0,2.0,21.91,1.03,25.0,0.84,0.06,50.0,8.45,50.0,40.0,515.1848,0.04,01/22/19,P3
245,10.0,10.0,3.5,5.4,20.0,1.1,25.0,0.2,0.06,50.0,7.76,50.0,14.2,433.6,0.02,01/22/19,P5
246,10.0,10.0,2.0,2.0,20.0,0.2,25.0,0.12,0.02,50.0,8.44,50.0,6.6,468.8,0.02,01/22/19,P6
247,10.0,23.84,1.3,2.2,20.0,4.0,64.0,13.78,0.23,50.0,8.17,50.0,113.0,459.0,0.05,04/23/19,P1
248,10.0,34.5,1.1,1.1,20.0,4.0,69.0,14.28,0.26,50.0,8.1,50.0,176.0,476.0,0.05,04/23/19,P2
249,10.0,73.67,3.3,3.3,20.0,4.0,64.0,12.88,0.22,50.0,8.18,50.0,120.0,461.0,0.14,04/23/19,P3
250,10.0,32.4,4.9,4.9,21.47,3.0,64.0,13.89,0.26,50.0,8.13,50.0,194.0,514.0,0.11,04/23/19,P4
251,10.0,10.0,4.9,3.5,20.0,0.2,25.0,0.2,0.21,50.0,8.09,50.0,6.0,549.0,0.04,04/23/19,P5
252,10.0,28.78,7.8,1.7,20.0,4.0,69.0,14.47,0.26,50.0,8.09,50.0,177.0,472.0,0.08,04/23/19,P6
253,10.0,14.34,7.0,1.1,20.0,1.75,25.0,0.23,0.02,50.0,8.33,50.0,17.6,454.6,0.03,08/27/19,P1
254,10.0,14.25,2.3,4.9,20.0,2.25,25.0,0.24,0.03,50.0,8.27,50.0,140.8,385.0,0.07,08/27/19,P2
255,10.0,11.03,4.9,1.7,20.0,2.0,25.0,0.33,0.04,50.0,8.23,50.0,11.0,487.4,0.02,08/27/19,P3
256,10.0,10.0,1.6,1.6,20.0,1.85,25.0,0.13,0.02,50.0,8.37,50.0,43.0,358.9848,0.02,08/27/19,P4
257,10.0,10.0,3.5,5.4,20.0,1.95,25.0,0.18,0.02,50.0,8.42,50.0,14.2,433.6,0.02,08/27/19,P5
258,10.0,10.0,2.3,2.3,20.0,2.2,25.0,1.62,0.05,50.0,7.41,50.0,15.4,458.4,0.02,08/27/19,P6
259,10.0,10.0,1.7,2.7,20.0,2.8,59.0,2.48,0.05,50.0,8.04,50.0,12.0,306.0,0.1,10/22/19,P1
260,10.0,10.0,2.0,9.1,20.0,1.3,40.0,2.57,0.07,50.0,8.13,50.0,30.0,302.0,0.04,10/22/19,P2
261,10.0,10.0,2.0,4.5,20.0,1.4,58.0,2.66,0.07,50.0,8.11,50.0,11.0,300.0,0.05,10/22/19,P3
262,10.0,10.0,2.3,3.3,20.0,1.25,62.0,4.02,0.12,50.0,8.12,50.0,40.0,383.0,0.1,10/22/19,P4
263,10.0,10.0,4.9,4.9,20.0,1.1,51.0,2.59,0.07,50.0,8.14,50.0,6.0,309.0,0.05,10/22/19,P5
264,10.0,10.0,1.1,2.7,20.0,0.4,25.0,0.35,0.01,50.0,7.93,50.0,6.0,420.0,0.05,10/22/19,P6
265,10.0,10.0,3.6799999999999997,4.5,20.0,1.75,25.0,0.91465,0.050798,50.0,8.39,50.0,6.0,359.0,0.19525,07/09/20,P1
266,10.0,10.0,2.3,2.3,20.0,1.9,25.0,1.012,0.075801,50.0,8.29,50.0,6.0,371.0,0.08514,07/09/20,P2
267,10.0,10.0,1.1,1.4,20.0,1.9,28.0,0.85118,0.05995,50.0,8.47,50.0,7.0,384.0,0.064735,07/09/20,P3
268,10.0,10.0,2.0,2.2,20.0,1.7,23.0,1.4212,0.070543,50.0,8.44,50.0,12.0,408.0,0.046365,07/09/20,P4
269,10.0,10.0,1.7,1.3,20.0,1.75,35.0,0.92257,0.071544,50.0,8.4,50.0,11.0,368.0,0.034958,07/09/20,P5
270,10.0,10.0,3.3,1.4,20.0,1.1,25.0,0.15411,0.01004,50.0,8.17,50.0,6.0,464.0,0.02,07/09/20,P6
271,35.9,34.739999999999995,1.1,1.1,1.274,1.275,47.678,165.22,52.96,2.628,6.45,54.1,386.0,35.161,0.46968,09/24/01,LN1
272,8.2,129.03000000000003,3.1399999999999997,4.5600000000000005,698.0,26.93,56.448,0.18,63.7,1.751,5.48,174.1,395.0,34.886,2.7800000000000002,10/22/01,LN1
273,0.5,58.0,4.9799999999999995,7.88,542.7,27.125,57.851,0.29,84.6,1.332,6.03,28.57,1.265,34.08,0.64,03/11/02,LN1
274,14.0,74.736,1.7,1.3,341.6,10.9,21.213,1.5,2.484,520.2,6.21,70.0,392.0,13.368,1.444,11/06/02,LN1
275,180.95999999999998,94.44000000000001,4.9799999999999995,7.12,745.7,136.13,35.62220000000001,1.9,46.112,1.793,6.84,181.569,1.828,36.016,4.726,12/04/02,LN1
276,20.0,5.76,1.7,1.1,1.02,43.774,19.4572,2.55,0.1904,25.419999999999998,6.76,100.0,833.0,25.884,0.06838000000000001,03/31/03,LN1
277,12.0,63.959999999999994,9.0,2.2,639.0,22.25,41.819,2.0,36.4,786.8,6.86,60.779999999999994,816.0,21.864,1.866,04/28/03,LN1
278,79.34,41.339999999999996,2.0,9.0,402.4,29.75,28.6716,4.0,43.922000000000004,1.348,6.94,78.689,1.136,31.514,0.852,07/23/03,LN1
279,0.5,33.82000000000001,2.0,9.0,544.0,26.0,52.406,2.87,50.6,1.638,6.47,1.049,2.085,31.364,0.4640000000000001,09/24/03,LN1
280,482.8,119.9,2.4,8.0,625.4,30.0,35.529,210.16,33.5,1.312,7.453999999999999,501.4,1.2,26.024,11.256,12/08/03,LN1
281,382.4,45.92,2.0,1.6,510.0,31.75,54.727,2.4619999999999997,38.3,1.729,7.0040000000000004,1.026,2.857,32.856,0.488,12/08/03,LN1
282,3.3,48.7,2.0,5.0,264.8,39.0,54.388,25.328,45.9,1.319,6.754,312.8,2.345,32.644,3.476,02/16/04,LN1
283,58.8,77.4,1.6,1.6,183.9,23.25,53.519,54.0,2.92,438.2,7.84,1.54,756.0,19.272,7.54,10/11/04,LN1
284,14.4,54.220000000000006,5.0,1.7,128.3,6.15,9.807,22.79,4.66,384.0,7.287999999999999,240.0,672.0,10.308,2.024,05/02/05,LN1
285,0.5,42.3,5.0,9.0,83.2,410.325,2.549,13.213999999999999,0.2,106.1,8.14,109.1,64.0,8.194,0.11286,10/12/05,LN1
286,10.0,28.198,4.38,4.26,160.81599999999997,310.0,2.3438,6.480000000000001,0.534,209.09,8.474,55.839999999999996,183.6,6.8386,0.534,10/26/05,LN1
287,19.4,68.726,1.3,2.4,191.6,10.4,17.087,39.314,3.12,416.0,7.65,418.0,1.004,15.6,1.9740000000000002,01/11/06,LN1
288,64.4,90.2,8.0,5.0,80.6,3.05,4.753,11.37,0.47,259.2,8.09,218.6,272.8,10.6888,4.49,04/03/06,LN1
289,15.8,73.6,7.9,2.4,204.4,3.025,6.535,0.09,0.5,359.8,8.3,311.2,124.0,10.682,1.82,06/28/06,LN1
290,19.0,54.6,9.2,1.6,116.1,117.33500000000001,2.072,3.66,0.42,269.8,8.4,133.2,401.8,321.80420000000004,0.94,09/25/06,LN1
291,8.1,70.54599999999999,3.9200000000000004,3.3,286.694,580.0,2.628,14.008000000000001,2.338,316.236,8.098,112.40799999999999,113.2,9.665000000000001,0.818,10/11/06,LN1
292,26.0,120.2,1.3,2.4,231.8,12.75,16.731,38.34,3.84,343.0,7.62,176.2,1.384,14.898,2.55,01/03/07,LN1
293,16.4,68.4,2.0,2.2,163.2,12.125,22.112,64.14,3.47,394.4,7.27,144.2,411.4264,365.232,2.55,03/28/07,LN1
294,32.8,55.2,7.8,1.3,172.6,15.25,21.401,80.12,1.05,601.4,7.65,267.2,1.39,17.226,3.16,07/09/07,LN1
295,43.8,54.6,1.8,1.4,184.6,19.375,24.555,94.08,9.96,845.2,7.4,258.6,311.1402,366.004,2.92,09/17/07,LN1
296,19.8,25.5,3.5,3.5,185.8,14.875,20.213,67.04,2.98,504.8,8.46,358.8,744.0,17.037,2.29,12/12/07,LN1
297,16.6,36.8,5.4,1.7,134.2,6.0,9.805,15.01,1.48,301.8,8.1,101.0,574.2,13.825999999999999,0.95,03/12/08,LN1
298,25.4,64.4,2.4,3.5,300.0,14.25,18.39,68.12,11.17,507.4,7.47,217.4,1.127,15.476,2.58,06/11/08,LN1
299,20.8,43.9,4.0,2.2,223.4,4.6,7.466,19.69,1.9,359.2,8.01,178.8,424.0,361.906,1.68,09/10/08,LN1
300,13.5,45.2,1.7,1.6,177.16,1.625,4.51,9.07,0.63,342.4,8.38,120.74,72.0,10.118,1.1,10/22/08,LN1
301,14.0,41.12,1.4,7.9,111.14,2.55,5.029,13.56,2.22,228.0,8.09,150.8,231.08199999999997,10.9316,0.57,01/12/09,LN1
302,6.7,29.0,2.3,7.0,82.8,3.525,7.143,8.05,0.68,170.6,8.33,77.3,284.0,11.444,332.0,04/06/09,LN1
303,9.4,25.6,2.2,5.4,163.2,1.65,3.346,3.95,0.33,285.2,8.24,113.8,25.082,385.0,0.51,06/24/09,LN1
304,38.6,137.0,1.1,1.1,843.6,27.18,49.416,190.54,23.56,1.15,5.78,375.8,174.4,430.7884,9.44,06/24/09,LN2
305,14.2,26.2,2.0,3.5,157.2,249.695,3.118,3.76,0.22,408.8,8.35,120.6,26.0,9.292,0.53,10/05/09,LN1
306,63.6,117.4,1.8,2.3,347.8,19.630000000000003,77.186,341.5,36.1,1.549,5.82,600.0,134.0,41.364,12.59,10/05/09,LN2
307,13.8,31.8,1.2,3.5,182.0,2.265,9.124199999999998,3.74,0.56,313.6,8.02,146.6,397.0,12.5608,0.45,12/28/09,LN1
308,52.8,140.4,2.0,2.3,663.8,0.796,64.202,309.4,28.84,1.117,5.7,603.6,188.4,562.8,11.88,12/28/09,LN2
309,1.632,2.414,2.6,2.6,203.8,200.0,2.495,4.55,0.34,407.6,8.3,136.0,130.0,9.026,0.51,02/03/10,LN1
310,79.6,196.0,1.8,1.8,466.8,19.630000000000003,76.437,394.0,35.6,1.501,5.7,670.4,316.0,44.908,19.96,02/03/10,LN2
311,11.6,29.0,2.3,4.6,50.0,161.0,2.016,3.7,0.48,333.6,8.32,106.8,107.0,8.141,0.31,08/10/10,LN1
312,43.4,106.2,5.4,5.4,261.0,31.5,54.545,235.4,11.094,970.4,6.05,424.4,2.07,31.159,5.83,08/10/10,LN2
313,20.0,48.8,2.2,1.7,193.2,146.0,2.082,4.1,0.31,353.6,8.27,181.2,330.2,924.4992,0.46,12/06/10,LN1
314,39.8,138.6,9.2,9.2,253.8,34.0,49.402,160.2,15.52,884.8,6.8,493.8,505.2200000000001,395.6436,6.67,12/06/10,LN2
315,20.0,32.8,4.9,3.5,50.0,105.0,1.085,2.81,0.63,182.6,8.32,100.0,24.0,5.005,0.12,03/23/11,LN1
316,20.2,74.6,5.4,9.2,150.0,13.375,16.865,43.24,4.14,287.8,7.66,262.4,1.055,14.57,1.89,03/23/11,LN2
317,20.0,20.0,4.5,1.7,191.6,145.0,1.957,3.99,0.35,242.0,8.41,100.0,305.4,924.4992,0.27,06/22/11,LN1
318,20.0,57.0,3.3,7.9,292.3,8.7,15.267,22.16,1.68,537.6,7.63,100.0,378.6,175.57059999999998,1.1,06/22/11,LN2
319,273.7,33.57,1.3,2.2,74.8,138.0,807.0,22.06,0.88,169.6,8.44,206.7,48.0,4.576,27.33,10/05/11,LN1
320,21.1,61.1,3.3,7.9,176.6,5.848,9.363,18.55,1.17,181.6,8.31,148.8,308.0,12.068,7.44,10/05/11,LN2
321,20.0,4.0,2.1,4.9,31.7,46.0,390.0,2.74,0.8,67.1,8.32,100.0,201.6,738.7768,0.08,12/20/11,LN1
322,23.2,8.7,1.6,1.6,318.0,15.695,19.483,73.04,8.62,244.1,6.98,243.9,462.0264,365.1848,2.41,12/20/11,LN2
323,20.0,38.8,1.6,1.6,121.4,86.0,1.638,3.11,0.37,185.2,8.34,100.0,50.0,6.104,0.17,04/09/12,LN1
324,30.6,150.0,3.3,5.4,326.0,26.380000000000003,41.714,98.34,10.48,424.0,8.39,333.2,525.0,25.905,1.42,04/09/12,LN2
325,20.0,23.4,1.1,1.1,203.0,101.0,2.515,4.27,0.29,281.3,8.32,100.0,286.6,733.316,0.23,06/26/12,LN1
326,20.0,86.9,1.4,1.4,473.0,15.84,18.762,62.3,2.67,401.5,7.44,194.8,462.0264,365.0008,2.16,06/26/12,LN2
327,20.0,21.2,5.4,5.4,250.6,116.0,1.792,3.17,0.2,349.3,8.79,100.0,29.0,7.788,0.33,09/27/12,LN1
328,20.0,8.8,1.3,1.3,486.2,115.774,5.95,11.41,0.19,388.3,8.36,100.0,304.0,12.84,0.09,09/27/12,LN2
329,20.0,20.7,2.4,3.5,172.6,155.006,1.644,3.14,1.05,267.0,8.77,100.0,92.2,690.3744,0.25,12/04/12,LN1
330,20.0,57.2,3.5,9.2,790.9,20.486,48.603,135.36,10.98,618.8,7.01,100.0,347.4824,408.7128,3.17,12/04/12,LN2
331,20.0,19.0,2.0,1.3,203.8,95.0,1.946,3.88,0.36,321.0,9.01,100.0,78.0,7.016,0.24,03/19/13,LN1
332,20.0,40.0,7.9,1.4,506.0,21.75,28.261,64.12,4.01,523.6,8.3,100.0,620.0,21.764,2.45,03/19/13,LN2_SB
333,20.0,29.7,3.3,3.3,442.2,8.63,16.622,56.49,0.64,426.8,8.49,100.0,315.0,17.145,1.45,03/19/13,LN2_CB
334,18.82,78.3,4.9,7.9,358.76519999999994,32.0,38.244,109.72,9.396,588.74,7.61,159.02,810.0,27.48,4.562,04/16/13,LN2_SB
335,16.4,51.18,2.4,9.2,300.65999999999997,13.25,21.521,45.65400000000001,4.168,397.8,8.17,147.85999999999999,1.17,20.12,1.69,04/16/13,LN2_CB
336,112.17999999999999,27.5314,2.2,9.2,408.8652,24.25,34.041,71.21000000000001,16.419999999999998,355.73199999999997,7.52,191.8,1.965,22.03,3.8979999999999997,05/10/13,LN2_SB
337,22.68,46.38,4.9,4.9,289.18,18.25,23.472,64.97999999999999,5.034,427.14,7.81,180.57999999999998,800.0,19.4,2.1399999999999997,05/10/13,LN2_CB
338,10.0,60.5,7.8,9.2,193.1,100.0,1.631,3.02,0.29,319.8,8.39,50.0,295.8,578.0728,0.23,06/20/13,LN1
339,10.0,88.3,5.4,5.4,446.3,25.0,64.248,72.38,3.19,426.5,7.52,50.0,527.5160000000001,737.473,2.38,06/20/13,LN2_CB
340,10.0,126.2,1.1,1.1,537.4,32.5,43.498,99.17,7.93,539.7,7.31,50.0,505.2200000000001,370.4436,3.69,06/20/13,LN2_SB
341,23.68,96.78,4.9,7.9,527.24,31.5,45.028,121.95599999999999,11.806000000000001,458.39000000000004,7.43,214.37999999999997,864.0,27.564,4.82,07/23/13,LN2_SB
342,27.24,54.760000000000005,1.7,3.5,262.28000000000003,20.0,26.266,74.736,5.154000000000001,497.32,7.79,221.74,1.436,20.716,2.6399999999999997,07/23/13,LN2_CB
343,10.0,4.0,3.3,3.5,251.0,108.0,1.789,3.25,0.21,50.0,8.94,50.0,20.0,7.824,0.32,09/11/13,LN1
344,10.0,4.0,4.9,4.9,20.0,16.5,17.594,55.11,1.11,50.0,8.3,50.0,464.0,19.756,1.88,09/11/13,LN2_SB
345,10.0,4.0,5.4,1.7,20.0,14.25,16.432,25.11,0.46,50.0,8.37,50.0,280.0,18.26,0.88,09/11/13,LN2_CB
346,10.1,75.97999999999999,2.6,1.7,716.8999999999999,7.3,17.942,26.212,1.6759999999999997,439.98,7.6,64.2,545.0,16.192,1.6580000000000001,10/21/13,LN2_SB
347,12.919999999999998,93.61999999999999,2.4,3.5,515.6400000000001,2.3,7.834,13.294,0.898,397.2800000000001,7.71,95.08000000000001,670.0,6.824,1.1300000000000001,10/21/13,LN2_CB
348,12.42,34.08,4.9,1.1,185.35999999999999,188.525,3.487,4.706,0.406,280.18,8.31,60.0,980.0,6.496,0.268,10/24/13,LN1
349,10.1,31.956,2.4,5.4,511.29800000000006,9.75,19.242,19.052,1.346,428.532,7.39,67.26,400.0,17.072,1.074,01/20/14,LN2_SB
350,12.08,75.22,2.4,3.5,522.9199999999998,6.2,12.8,12.180000000000001,1.0219999999999998,418.91999999999996,7.82,79.52000000000001,914.0,16.004,0.9380000000000001,01/20/14,LN2_CB
351,12.1,4.0,4.5200000000000005,2.9,248.1,98.0,1.863,3.09,0.3,374.6,8.31,50.0,286.6,979.4592,0.28,01/31/14,LN1
352,10.5,8.3,4.5600000000000005,3.6800000000000006,563.2,8.9,17.232,28.49,3.27,353.7,7.49,121.0,312.0,20.7656,2.19,01/31/14,LN2_CB
353,14.3,44.6,3.38,7.519999999999999,1.226,26.0,35.984,129.36,11.51,652.9,7.06,99.0,163.345,24.4396,8.15,01/31/14,LN2_SB
354,105.42,22.7514,4.5,7.8,222.3252,14.3,37.54,36.955200000000005,14.540000000000001,272.50239999999997,7.31,150.07999999999998,1.03,25.774,2.3060199999999997,04/11/14,LN2_SB
355,15.919999999999998,42.5,4.5,6.8,368.86,17.0,20.715,50.45,3.364,367.88,7.56,139.64000000000001,690.0,18.72,1.7100000000000002,04/11/14,LN2_CB
356,10.0,10.0,2.0,1.4,20.0,98.0,1.626,2.85,0.39,50.0,8.69,50.0,39.0,6.505,0.28,04/29/14,LN1
357,10.0,10.0,7.9,1.1,609.4,28.5,36.248,115.1,9.36,514.8,8.41,50.0,1.28,24.78,4.16,04/29/14,LN2_SB
358,10.0,10.0,7.0,3.5,20.0,9.5,18.626,275.66,5.0,50.0,8.34,118.6,500.0,16.235,20.0,04/29/14,LN2_CB
359,39.99999999999999,116.34,3.8600000000000003,3.9200000000000004,478.28000000000003,49.0,84.56,157.304,14.806000000000001,350.3534,6.88,304.948,760.0,32.464,7.581999999999999,06/24/14,LN2_SB
360,23.5,40.36,3.4799999999999995,1.9599999999999997,170.5652,20.5,29.015,85.53200000000001,7.307999999999998,528.28,7.49,220.9,752.0,20.58,3.664,06/24/14,LN2_CB
361,10.0,13.6,1.8,1.4,126.9,113.0,1.894,2.29,0.22,208.6,8.41,50.0,330.2,733.316,0.15,07/15/14,LN1
362,10.0,24.9,7.9,1.3,210.5,33.5,38.28,24.51,1.04,247.5,7.49,52.3,335.464,370.3048,1.13,07/15/14,LN2_SB
363,10.0,13.3,2.3,4.6,307.1,13.0,18.865,31.34,0.45,250.5,7.67,61.4,510.8,172.2382,0.66,07/15/14,LN2_CB
364,24.28,79.64,9.2,1.6,398.73999999999995,15.0,58.199,118.88799999999999,11.276,105.75339999999998,8.13,225.88000000000002,920.0,19.365,4.76,08/05/14,LN2_SB
365,11.379999999999999,31.420000000000005,1.7,1.6,447.6,10.25,16.845,31.029999999999994,1.966,404.76000000000005,8.21,86.1,375.0,17.945,1.386,08/05/14,LN2_CB
366,19.8,39.82,9.2,1.6,209.52000000000004,13.25,27.329,67.494,3.6979999999999995,414.84,7.76,184.04000000000002,436.842,19.06,2.3240000000000003,08/26/14,LN2_SB
367,14.14,49.236,2.4,9.2,414.038,11.5,16.253,23.913999999999998,2.214,448.25200000000007,7.78,117.46,312.011,17.305,1.3880000000000001,08/26/14,LN2_CB
368,21.84,84.97139999999999,1.7,4.9,486.96000000000004,12.75,46.154,97.862,12.626,342.98999999999995,7.96,181.8,160.9664,18.558,3.472,09/09/14,LN2_SB
369,13.98,17.98,2.3,2.3,502.7,9.5,15.788,26.486,2.066,410.46000000000004,7.94,147.8,397.4,16.63,1.3299999999999998,09/09/14,LN2_CB
370,10.0,10.0,1.8,3.3,201.8,103.0,1.81,3.21,0.29,347.4,8.5,50.0,12.0,7.472,0.07,10/07/14,LN1
371,10.0,10.0,1.3,3.3,695.0,10.0,15.411,22.51,2.27,379.5,8.38,50.0,624.0,17.852,1.78,10/07/14,LN2_SB
372,10.0,10.0,2.3,2.3,648.3,6.7,12.323,30.14,1.13,417.6,8.39,50.0,504.0,16.708,1.37,10/07/14,LN2_CB
373,28.32,50.26,1.6,1.6,227.68,17.25,27.268,75.9,6.854000000000001,518.5,7.45,226.26000000000005,1.135,18.584,2.7239999999999998,11/11/14,LN2_SB
374,10.1,40.62,2.8,2.8,542.38,10.0,15.577,20.436,1.5100000000000002,397.3,7.43,67.26,256.0,16.724,1.05,11/11/14,LN2_CB
375,28.32,50.26,7.8,2.1,227.68,17.25,25.283,75.9,6.854000000000001,518.5,7.94,226.26,1.21,20.344,2.7239999999999998,12/09/14,LN2_SB
376,11.32,70.86,1.8,2.1,616.18,6.9,13.015,17.46,1.136,439.71999999999997,8.13,60.2,500.0,17.384,1.122,12/09/14,LN2_CB
377,22.68,46.38,3.08,3.22,289.18,14.5,26.288,64.97999999999999,5.034000000000001,427.14,8.05,180.58,405.0,18.61,2.1399999999999997,01/12/15,LN2_SB
378,16.759999999999998,51.779999999999994,2.7,5.200000000000001,228.14000000000001,3.473,13.4,10.1136,0.9012800000000001,254.66000000000003,8.08,99.32000000000001,355.0,15.76,0.50094,01/12/15,LN2_CB
379,10.0,12.1,3.5,1.6,192.5,118.0,1.746,6.23,0.36,273.9,8.43,50.0,305.4,924.4992,0.24,01/27/15,LN1
380,10.0,31.9,1.3,3.5,621.5,11.25,15.757,9.75,1.03,476.3,8.1,50.0,435.4,21.206199999999995,0.76,01/27/15,LN2_SB
381,10.0,35.2,1.3,6.3,583.0,11.0,17.644,21.43,1.61,548.9,7.64,53.9,485.2,16.7602,0.77,01/27/15,LN2_CB
382,13.459999999999999,67.16,1.3,1.3,392.79200000000003,85.57300000000001,5.559,10.082,0.5980000000000001,359.53999999999996,8.45,93.468,74.0,13.084,0.794,02/10/15,LN2_SB
383,21.68,47.004,5.4,9.2,464.74799999999993,117.22999999999999,7.725,9.508,0.724,364.44,8.32,103.88,120.0,12.344,1.54,02/10/15,LN2_CB
384,10.1,62.71999999999999,2.4,2.4,674.62,8.3,15.459,17.953999999999997,1.54,455.46000000000004,8.4,64.97999999999999,244.0,17.94,1.214,02/24/15,LN2_SB
385,13.48,77.64,5.4,5.4,531.2,5.8,11.28,15.37,1.2899999999999998,428.03999999999996,8.31,85.96000000000001,144.0,16.808,1.184,02/24/15,LN2_CB
386,15.919999999999998,41.84,1.3,1.3,376.56000000000006,12.75,20.0,48.114000000000004,3.2479999999999998,353.36,8.27,138.86,428.0,18.816,1.7080000000000002,03/10/15,LN2_SB
387,13.319999999999999,80.26,4.9,4.9,544.98,6.2,13.207,15.863999999999999,1.246,463.7200000000001,8.29,70.2,208.0,17.04,1.068,03/10/15,LN2_CB
388,15.180000000000001,79.72,1.6,1.6,449.03999999999996,8.6,14.447,21.336000000000002,2.4899999999999998,389.21999999999997,7.86,163.04000000000002,3.24,13.472,1.5699999999999998,03/24/15,LN2_SB
389,24.68,71.66,9.2,1.6,249.32,2.4,6.0,14.19756,0.7259399999999999,277.76,8.4,112.01999999999998,330.0,7.904,1.5592199999999998,03/24/15,LN2_CB
390,10.0,10.0,1.3,2.6,69.3,112.0,891.0,1.76,0.82,110.0,8.63,50.0,27.0,3.796,0.14,03/31/15,LN1
391,55.0,309.0,7.0,1.7,629.0,116.80499999999999,7.17,10.77,1.03,330.0,8.61,50.0,288.0,12.904,0.9,03/31/15,LN2_SB
392,10.0,58.3,3.3,1.7,263.0,116.63499999999999,6.119,10.89,1.33,201.3,8.37,50.0,424.0,8.748,0.51,03/31/15,LN2_CB
393,25.1,47.160000000000004,9.2,1.6,121.84,136.595,4.558,4.6555599999999995,0.30794,240.7,8.43,110.35999999999999,143.0,12.727,1.2112200000000002,04/21/15,LN2_SB
394,12.639999999999999,44.0,1.3,2.4,180.12,1.075,3.559,4.684,0.49800000000000005,292.84000000000003,8.36,92.08000000000001,167.0,8.163,0.398,04/21/15,LN2_CB
395,12.0,93.52000000000001,3.3,1.3,574.36,1.7,8.896,11.079400000000001,0.6709200000000001,381.88,8.62,60.0,112.0,12.812,0.91692,05/05/15,LN2_SB
396,16.919999999999998,57.720000000000006,4.6,4.6,241.14000000000001,1.575,9.639,9.331399999999999,0.8609199999999999,238.2,8.83,115.08000000000001,148.0,11.392,0.72378,05/05/15,LN2_CB
397,12.919999999999998,93.61999999999999,2.3,2.3,515.6400000000001,3.0,7.031,13.294,0.898,397.28,8.01,95.08000000000001,240.0,16.2,1.1300000000000001,05/19/15,LN2_SB
398,10.76,101.34,2.0,2.0,502.64000000000004,1.775,5.548,10.372,0.5860000000000001,382.41999999999996,8.07,69.32000000000001,169.0,13.88,0.852,05/19/15,LN2_CB
399,13.8,70.06,1.8,3.3,422.3,193.0,1.499,14.207999999999998,2.528,359.87999999999994,8.68,76.64,246.0,5.872,1.03,06/02/15,LN1
400,14.16,88.43999999999998,3.3,1.1,480.44000000000005,1.8,6.938,12.607400000000002,0.7949200000000001,337.56,8.49,85.76,204.0,15.6,1.06492,06/02/15,LN2_SB
401,10.76,101.34,1.3,2.3,502.64000000000004,1.3,5.545,10.372,0.5860000000000001,382.41999999999996,8.51,69.32000000000001,168.0,12.892,0.852,06/02/15,LN2_CB
402,12.84,43.78,1.8,1.3,174.83999999999997,94.0,1.874,3.716,0.43,324.84,8.43,74.12,26.0,6.992,0.398,06/16/15,LN1
403,10.76,101.58,3.3,4.9,668.8,1.15,7.053,11.45,0.578,433.6,8.48,69.32000000000001,142.0,13.816,1.056,06/16/15,LN2_SB
404,12.76,86.6,1.1,1.7,568.2,1.095,5.905,11.638000000000002,0.556,403.1,8.4,79.32000000000001,304.0,12.656,0.812,06/16/15,LN2_CB
405,10.0,26.4,4.5,7.9,112.8,89.0,1.612,2.39,0.22,130.8,8.32,50.0,282.0,761.164,0.11,07/07/15,LN1
406,10.0,154.0,2.8,1.1,849.0,1.875,6.736,28.37,0.76,524.0,8.15,50.0,255.2,205.9092,1.61,07/07/15,LN2_SB
407,10.0,157.0,3.3,3.3,771.0,1.825,7.117,9.71,0.52,453.2,8.17,50.0,342.4,168.026,1.33,07/07/15,LN2_CB
408,13.8,60.17999999999999,4.859999999999999,3.3,332.14,990.0,8.097,5.9719999999999995,0.4640000000000001,335.2,8.33,76.64,164.0,14.468,0.656,07/21/15,LN2_SB
409,21.560000000000002,79.524,4.9,7.9,423.02799999999996,1.0,7.835,9.812000000000001,0.768,353.28000000000003,8.04,116.63999999999999,136.0,13.988,1.6420000000000001,07/21/15,LN2_CB
410,12.76,84.5,1.7,4.9,461.28000000000003,3.2030000000000003,10.967,9.976,0.77,350.94,8.5,79.32000000000001,244.0,16.66,0.72486,08/18/15,LN2_SB
411,12.919999999999998,76.67999999999999,3.1,2.2,484.43999999999994,2.775,9.745,10.03,1.002,408.64,8.48,95.08,612.0,16.676,0.9959999999999999,08/18/15,LN2_CB
412,10.68,71.60400000000001,3.1,7.9,507.008,1.013,7.628,8.548,0.9039999999999999,364.14,8.56,82.92,132.0,14.512,0.806,08/25/15,LN2_SB
413,12.76,68.0,3.1,4.6,399.1,1.65,9.554,7.868,0.7620000000000001,297.96000000000004,8.55,79.88,160.0,15.236,0.56886,08/25/15,LN2_CB
414,12.76,86.02,1.7,1.7,472.16,1.263,7.441,9.4174,0.52692,328.43999999999994,8.65,79.32000000000001,132.0,14.288,0.81892,09/08/15,LN2_SB
415,10.76,98.70000000000002,1.3,1.3,609.5600000000001,1.388,7.599,11.766,0.774,441.6,8.65,69.32000000000001,188.0,18.784,0.982,09/08/15,LN2_CB
416,11.9,63.465999999999994,4.5,4.5,303.9,430.0,4.981,5.470000000000001,0.4620000000000001,293.7199999999999,9.05,88.46,64.0,13.848,0.642,09/30/15,LN2_SB
417,13.8,58.660000000000004,2.0,2.0,314.5,480.0,5.501,5.498,0.558,317.59999999999997,9.08,76.64,400.0,15.0,0.61,09/30/15,LN2_CB
418,10.0,10.0,4.9,4.9,947.5,405.0,7.179,6.2,0.26,541.3,8.73,50.0,100.0,14.172,2.04,10/13/15,LN2_SB
419,10.0,10.0,7.9,1.6,239.0,95.0,2.924,3.52,0.26,391.4,8.9,50.0,120.0,7.776,0.45,10/13/15,LN1
420,10.0,10.0,4.9,7.9,966.8,465.0,4.67,6.68,0.29,566.5,8.69,50.0,120.0,14.48,1.08,10/13/15,LN2_CB
421,11.9,48.7922,2.0,2.3,303.90000000000003,800.0,6.005,5.158,0.4620000000000001,293.7199999999999,8.58,88.46,92.0,14.112,0.608,11/10/15,LN2_SB
422,20.479999999999997,61.42,3.1,3.1,380.98,13.5,40.75,77.42540000000001,7.1560000000000015,209.25,8.01,154.48,275.0,19.092,2.6551599999999995,11/10/15,LN2_CB
423,11.9,50.3,1.7,1.7,303.9,420.0,4.962,5.71,0.4620000000000001,293.7199999999999,8.61,88.46,75.0,13.716,0.966,11/24/15,LN2_SB
424,25.04,84.66,6.8,6.8,393.3,3.1,9.169,18.371599999999997,1.06528,329.3,8.6,121.14000000000001,264.0,15.508,1.9140799999999998,11/24/15,LN2_CB
425,28.32,50.26,3.3,4.9,227.68,16.75,27.926,75.9,6.854000000000001,518.5,8.08,226.26,1.13,21.464,2.7239999999999998,12/08/15,LN2_SB
426,22.599999999999998,39.0514,1.1,4.6,189.26,13.25,31.042,52.105999999999995,6.518000000000001,499.86,8.03,154.0,1.37,20.748,2.3579999999999997,12/08/15,LN2_CB
427,14.16,88.43999999999998,4.5,2.2,480.43999999999994,2.2,8.022,12.6074,0.79492,337.56000000000006,8.63,85.76,710.0,14.704,1.06492,12/22/15,LN2_SB
428,10.1,40.620000000000005,1.7,2.7,542.38,10.125,15.284,20.436,1.5100000000000002,397.3,8.25,67.26,600.0,19.016,1.05,12/22/15,LN2_CB
429,10.0,58.0,4.14,4.5,231.6,95.0,2.566,3.08,0.17,389.5,8.8,50.0,286.6,1136.96,0.63,01/12/16,LN1
430,10.0,83.7,1.7,7.0,989.2,1.6649999999999998,7.002,10.47,0.3,540.8,8.63,50.0,253.2,71.75,1.31,01/12/16,LN2_SB
431,10.0,123.8,3.3,3.3,968.3,4.85,15.989,18.93,0.6,541.3,8.55,50.0,254.484,363.06440000000003,1.48,01/12/16,LN2_CB
432,13.8,60.17999999999999,2.0,2.0,332.14,800.0,7.241,5.9719999999999995,0.4640000000000001,335.19999999999993,8.25,76.64,192.0,13.748,0.656,01/26/16,LN2_SB
433,12.0,18.619999999999997,2.0,6.8,35.3,2.868,23.578,9.749799999999999,0.036000000000000004,51.04,7.89,60.0,660.0,19.172,0.054279999999999995,01/26/16,LN2_CB
434,10.1,58.660000000000004,3.1,7.0,307.92,470.0,5.5,5.497999999999999,0.514,284.85999999999996,8.49,71.82000000000001,60.0,13.388,0.61,02/10/16,LN2_SB
435,21.560000000000002,79.524,3.3200000000000003,7.9,423.0280000000001,1.2,6.644,9.812000000000001,0.768,353.28000000000003,8.55,116.63999999999999,224.0,13.748,1.6420000000000001,02/10/16,LN2_CB
436,12.76,69.84,3.1,7.0,504.9200000000001,5.1,11.132,10.128000000000002,1.002,368.4599999999999,8.14,79.32000000000001,224.0,16.28,0.72086,02/23/16,LN2_SB
437,10.76,15.02,3.3,4.9,52.4,7.590000000000001,30.373,2.0780000000000003,0.19600000000000004,102.72,7.81,69.32000000000001,1.22,21.424,0.138,02/23/16,LN2_CB
438,12.0,14.969999999999999,1.6,1.6,20.381999999999998,2.0,24.336,0.60348,0.038,50.0,7.98,60.0,178.0,13.924,0.0224,03/08/16,LN2_SB
439,14.1,49.22,9.2,1.6,467.5799999999999,7.8,18.976,22.1372,1.2430800000000002,279.3,8.26,84.2,328.0,16.016,1.35176,03/08/16,LN2_CB
440,19.439999999999998,60.3,1.3,3.3,238.74,11.35,21.962,44.67400000000001,4.41,382.26,8.13,203.44,1.132,17.668,1.8219999999999998,03/22/16,LN2_SB
441,11.32,75.24,2.8,2.2,610.82,7.0,12.904,13.382,1.116,451.46000000000004,7.86,60.2,608.0,12.816,1.0,03/22/16,LN2_CB
442,21.560000000000002,79.524,3.5,9.2,423.02799999999996,1.613,4.623,9.812000000000001,0.768,353.28000000000003,7.42,116.64000000000001,290.0,7.56,1.6420000000000001,04/05/16,LN2_SB
443,24.68,71.66,9.2,1.6,249.32,1.7,4.194,14.19756,0.72594,277.76000000000005,8.03,112.01999999999998,440.0,7.39,1.5592200000000003,04/05/16,LN2_CB
444,10.0,10.0,2.3,2.4,89.1,107.0,2.175,4.58,0.53,205.7,8.33,50.0,24.0,5.492,0.13,04/19/16,LN1
445,10.0,18.7,7.9,7.9,282.7,370.0,2.075,3.52,0.61,193.6,8.31,50.0,128.0,5.896,0.25,04/19/16,LN2_CB
446,10.0,29.7,7.9,7.9,856.9,485.0,4.662,4.51,0.38,435.6,8.3,50.0,112.0,11.772,0.71,04/19/16,LN2_SB
447,10.1,62.71999999999999,1.3,1.3,674.62,8.4,15.447,17.954,1.54,455.46000000000004,7.58,64.97999999999999,548.0,16.7,1.214,05/03/16,LN2_SB
448,21.560000000000002,79.524,4.9,7.9,423.0280000000001,2.4,5.824,9.812000000000001,0.768,353.28000000000003,8.16,116.64000000000001,944.0,9.552,1.6420000000000001,05/03/16,LN2_CB
449,10.1,62.71999999999999,1.1,4.6,674.6200000000001,7.6,17.163,17.954,1.54,455.4599999999999,7.64,64.97999999999999,440.0,17.06,1.214,05/17/16,LN2_SB
450,13.319999999999999,60.68000000000001,7.8,3.1,516.28,5.0,12.533,20.04318,1.28018,353.99999999999994,7.92,71.86,248.0,14.0,0.9848199999999998,05/17/16,LN2_CB
451,12.08,75.22,1.1,1.4,522.92,6.2,12.496,12.18,1.0219999999999998,418.91999999999996,7.56,79.52000000000001,330.0,55.272,0.9380000000000001,07/05/16,LN2_SB
452,14.24,52.64,1.1,1.3,357.08000000000004,4.0,11.446,11.09,1.1940000000000002,378.36,7.71,105.28000000000002,224.0,13.616,0.9199999999999999,07/05/16,LN2_CB
453,10.0,31.5,2.2,3.3,154.4,98.0,1.588,3.52,0.37,274.0,8.45,50.0,286.6,1108.76,0.29,07/19/16,LN1
454,10.0,114.4,2.3,4.9,637.1,5.6,14.878,11.17,1.19,357.1,7.83,50.0,454.08000000000004,15.854800000000001,0.87,07/19/16,LN2_SB
455,10.0,81.4,1.3,2.3,552.8,2.1,7.273,4.96,0.75,336.4,8.22,50.0,255.2,12.3884,0.58,07/19/16,LN2_CB
456,10.76,98.7,1.8,1.8,609.5600000000001,2.0,7.674,11.766,0.774,441.6,8.41,69.32000000000001,296.0,3.38,0.982,08/02/16,LN2_CB
457,14.239999999999998,52.64,2.2,1.1,357.08000000000004,3.4,11.071,11.09,1.1940000000000002,378.36,7.91,105.28,532.0,17.272,0.9200000000000002,08/02/16,LN2_SB
458,10.1,75.97999999999999,1.3,1.3,716.9,7.6,16.208,26.212,1.6759999999999997,439.98,7.92,64.2,432.0,19.304,1.658,08/30/16,LN2_CB
459,25.24,40.04,4.9,4.9,229.1,13.25,24.954,68.544,4.71,467.12,7.8,195.06,1.42,21.308,2.3400000000000003,08/30/16,LN2_SB
460,10.1,75.97999999999999,2.2399999999999998,1.7,716.8999999999999,7.0,18.59,26.212,1.6759999999999997,439.98,8.01,64.2,550.0,18.19,1.6580000000000001,09/06/16,LN2_CB
461,32.239999999999995,119.88,2.2,4.6,617.9,34.0,51.875,178.934,17.366,409.1134,7.52,324.64,850.0,26.384,6.970000000000001,09/06/16,LN2_SB
462,26.2,52.779999999999994,9.3,2.2,222.45999999999998,2.375,8.247,15.512960000000001,0.8788600000000001,230.17999999999998,8.18,115.58,104.0,16.928,1.52814,10/04/16,LN2_CB
463,14.24,67.76,4.9,4.9,400.71999999999997,3.25,9.04,12.040000000000003,1.1480000000000001,401.71999999999997,8.16,105.28,250.0,16.808,1.07,10/04/16,LN2_SB
464,10.0,174.8,4.5,2.6,169.2,98.0,1.749,3.06,0.27,283.9,8.55,50.0,0.0,5.608,0.43,10/11/16,LN1
465,10.0,123.2,6.8,1.1,872.1,5.2,11.385,50.39,1.38,516.6,8.3,50.0,404.0,17.5,2.49,10/11/16,LN2_SB
466,10.0,104.4,1.3,1.3,921.8,4.35,11.167,36.88,1.75,486.3,8.3,58.2,544.0,17.324,2.16,10/11/16,LN2_CB
467,16.16,67.55999999999999,7.0,3.5,378.38,1.925,9.188,16.11696,0.9728600000000001,280.46,8.45,97.42,144.0,12.992,1.04214,11/12/16,LN2_CB
468,14.8,58.984,2.4,9.2,353.348,3.9,10.821,9.7396,1.08728,238.18,8.32,90.16,244.0,55.268,0.56694,11/12/16,LN2_SB
469,17.32,36.34,7.9,1.1,207.54000000000002,2.85,12.009,13.3326,0.794,181.34,8.31,91.86,122.0,15.264,0.63868,11/22/16,LN2_CB
470,16.240000000000002,46.36,4.9,4.9,251.18,3.65,11.169,12.740000000000002,1.282,321.08,8.31,115.28,296.0,16.112,0.8108599999999999,11/22/16,LN2_SB
471,24.2,83.28,7.9,4.9,375.46,2.3,9.716,17.4394,0.98092,317.82,8.25,105.58,332.0,15.266,1.78292,12/06/16,LN2_CB
472,12.76,77.86,2.2,4.9,500.73999999999995,3.85,11.648,11.82,0.8540000000000001,368.56,8.24,79.32000000000001,316.0,16.622,0.75486,12/06/16,LN2_SB
473,12.919999999999998,76.08,1.3,1.6,500.03999999999996,3.8,9.371,13.762,1.05,422.8,8.22,95.08,558.0,13.058,1.052,12/20/16,LN2_SB
474,14.0,80.78,4.9,1.6,358.08000000000004,1.1,5.469,8.708960000000001,0.33486000000000005,258.41999999999996,8.3,70.0,408.0,10.68,0.6821400000000001,12/20/16,LN2_CB
475,10.0,82.5,4.54,1.3,158.4,135.305,2.855,5.08,0.34,284.9,8.71,50.0,351.2,351.8976,0.29,01/10/17,LN1
476,10.0,126.5,9.3,2.2,885.5,3.1,9.572,50.8,2.39,559.9,8.59,58.3,213.0,104.58279999999999,2.02,01/10/17,LN2_SB
477,10.0,69.3,1.7,2.2,693.0,4.2,9.851,12.05,1.28,580.8,8.48,50.0,359.2,12.8272,0.94,01/10/17,LN2_CB
478,12.08,75.22,3.1,1.1,522.92,4.7,12.478,12.180000000000001,1.0219999999999998,418.91999999999996,8.47,79.52000000000001,352.0,15.42,0.9380000000000001,01/24/17,LN2_SB
479,14.0,80.56,4.04,1.3,436.96000000000004,1.15,5.932,8.68496,0.41685999999999995,268.71999999999997,8.39,70.0,116.0,11.456,0.74014,01/24/17,LN2_CB
480,10.76,69.86,1.6,1.6,613.56,5.0,12.536,12.216,1.108,428.96000000000004,8.19,69.32000000000001,252.0,16.148,0.842,02/07/17,LN2_SB
481,23.560000000000002,63.684000000000005,7.9,7.9,226.388,1.06,6.406,7.73356,0.7099400000000001,248.11999999999998,8.23,126.64000000000001,96.0,12.896,1.3912200000000001,02/07/17,LN2_CB
482,12.080000000000002,75.22,1.3,2.4,522.9199999999998,6.8,12.209,12.180000000000001,1.0219999999999998,418.91999999999996,8.02,79.52000000000001,405.0,12.735,0.9380000000000001,02/21/17,LN2_SB
483,21.520000000000003,77.66,4.5,4.9,437.2,1.0,5.353,7.848000000000001,0.43600000000000005,370.4,8.3,115.8,102.0,16.99,1.6179999999999999,02/21/17,LN2_CB
484,22.68,46.38,1.6,1.6,289.18,14.0,27.83,64.97999999999999,5.034,427.14,7.68,180.57999999999998,960.0,19.804,2.1399999999999997,03/07/17,LN2_SB
485,11.9,54.239999999999995,3.3,7.9,303.9,520.0,3.748,5.372,0.4620000000000001,293.7199999999999,8.16,88.46,88.0,9.128,0.7,03/07/17,LN2_CB
486,22.68,46.38,5.4,5.4,289.18,20.25,27.998,64.97999999999999,5.034,427.14,7.23,180.57999999999998,636.0,20.056,2.1399999999999997,03/21/17,LN2_SB
487,14.239999999999998,52.64000000000001,1.6,1.6,357.08,5.2,9.137,11.09,1.1940000000000002,378.36,7.46,105.28,212.0,9.984,0.9199999999999999,03/21/17,LN2_CB
488,10.0,25.2,7.9,5.4,33.0,100.0,779.0,4.7,0.53,57.8,8.3,50.0,354.0,2.469,0.07,03/28/17,LN1_P1
489,10.0,17.9,3.3,2.2,20.0,41.0,407.0,2.81,0.2,55.2,8.37,50.0,120.0,2.164,0.04,03/28/17,LN1_P2
490,10.0,47.5,7.0,1.6,50.3,100.0,807.0,4.13,1.14,138.7,8.2,50.0,20.0,4.068,0.25,04/18/17,LN1
491,10.0,108.8,1.6,1.6,675.2,231.38999999999996,2.437,48.69,10.53,436.9,7.21,50.0,256.0,13.604,2.36,04/18/17,LN2_CB
492,10.0,80.7,1.6,1.6,639.3,231.55499999999998,4.769,35.97,3.69,399.3,7.97,50.0,912.0,17.312,1.63,04/18/17,LN2_SB
493,12.080000000000002,75.22,2.8,3.0799999999999996,522.92,5.1,12.665,12.180000000000001,1.0219999999999998,418.91999999999996,7.92,79.52000000000001,632.0,14.92,0.9380000000000001,05/02/17,LN2_SB
494,14.24,52.64,1.1,2.6,357.08,5.0,10.682,11.09,1.1940000000000002,378.36,7.62,105.28,196.0,11.144,0.9200000000000002,05/02/17,LN2_CB
495,22.68,46.38,7.9,7.9,289.18,15.75,25.659,64.98,5.034000000000001,427.14,7.06,180.58,984.0,17.344,2.1399999999999997,05/17/17,LN2_SB
496,12.919999999999998,68.61999999999999,1.7,5.4,544.94,6.4,10.364,11.424000000000001,1.046,430.2999999999999,7.68,95.08000000000001,355.0,9.465,1.05,05/17/17,LN2_CB
497,20.68,30.546,4.9,1.1,141.16,11.25,27.683,46.64200000000001,4.428,316.73999999999995,7.56,149.34,850.0,17.516,1.5839999999999999,06/20/17,LN2_SB
498,11.379999999999999,31.420000000000005,2.1,4.9,447.6,11.5,19.889,31.03,1.966,404.76,7.68,86.1,780.0,16.748,1.386,06/20/17,LN2_CB
499,19.16,133.70800000000003,3.8800000000000003,2.98,166.73600000000002,15.25,21.021,71.28600000000002,4.6,409.178,7.62,210.402,586.6780000000001,18.44,2.164,07/05/17,LN2_SB
500,12.0,44.638,3.900000000000001,2.04,475.01800000000003,7.15,13.386,21.663999999999998,2.252,403.282,8.06,60.0,466.6,15.544,1.22,07/05/17,LN2_CB
501,10.0,51.8,4.5200000000000005,2.9,136.2,470.0,1.678,5.14,0.68,225.5,8.39,50.0,293.4,979.4592,0.26,07/18/17,LN1
502,10.0,101.5,3.8200000000000003,2.12,794.4,3.9,17.909,62.72,2.29,471.5,8.16,50.0,416.004,14.894799999999998,2.99,07/18/17,LN2_SB
503,10.0,76.97,3.78,4.5600000000000005,579.4,0.9949999999999999,733.0,17.8,2.74,387.3,7.63,50.0,90.1656,363.6136,1.12,07/18/17,LN2_CB
504,17.56,139.32999999999998,1.3,3.3,681.484,4.35,11.842,37.228,3.1719999999999997,417.238,8.3,80.04999999999998,440.4,14.76,1.6200000000000003,08/07/17,LN2_SB
505,10.0,80.614,4.9,2.2,469.66399999999993,2.475,7.806,11.59,1.0859999999999999,376.46400000000006,8.38,50.56,525.2,13.97,0.6859999999999999,08/07/17,LN2_CB
506,21.4,48.17999999999999,1.3,1.7,269.74,20.5,26.284,69.12800000000001,7.2219999999999995,408.04,7.56,140.5,278.3402,19.72,2.05,08/15/17,LN2_SB
507,14.14,52.976,7.8,7.8,474.758,10.75,15.449,26.692,2.3899999999999997,453.97200000000004,8.05,118.34,202.903,16.7,2.08,08/15/17,LN2_CB
508,13.48,92.2,4.9,1.7,534.12,4.9,8.077,16.966,1.188,443.8,8.4,85.96000000000001,380.0,14.28,1.302,09/05/17,LN2_CB
509,12.919999999999998,76.68,2.3,3.3,484.43999999999994,5.4,7.42,10.03,1.002,408.64,8.42,95.08,190.0,13.99,0.9960000000000001,09/05/17,LN2_SB
510,10.76,101.58000000000001,2.0599999999999996,3.44,668.8,2.1,7.032,11.450000000000001,0.5780000000000001,433.6,8.49,69.32000000000001,430.0,12.17,1.056,09/19/17,LN2_CB
511,12.919999999999998,70.58,4.08,3.6,507.34000000000003,3.05,9.266,18.247999999999998,1.3760000000000001,429.9799999999999,8.47,96.74,300.0,14.73,1.134,09/19/17,LN2_SB
512,13.319999999999999,80.26,4.6,7.0,544.98,5.8,11.771,15.863999999999999,1.246,463.71999999999997,8.32,70.2,350.0,16.025,1.068,10/03/17,LN2_SB
513,14.24,61.660000000000004,4.340000000000001,1.4,423.62000000000006,5.3,10.972,20.258,1.5220000000000002,423.06000000000006,7.9,106.94000000000001,395.0,15.38,1.208,10/03/17,LN2_CB
514,10.0,10.0,4.9,5.4,275.0,380.0,2.752,3.74,0.43,303.6,8.69,79.2,58.0,7.886,1.33,10/17/17,LN1
515,10.0,53.9,9.3,7.9,886.6,7.6,14.582,35.32,2.49,577.5,8.23,58.3,2.46,18.796,4.23,10/17/17,LN2_SB
516,58.3,30.8,1.8,6.8,821.7,4.0,10.605,8.39,0.61,457.6,8.33,1.697,112.0,15.204,2.61,10/17/17,LN2_CB
517,12.08,75.22,1.6,1.6,522.92,4.55,11.797,12.18,1.0219999999999998,418.9200000000001,7.68,79.52000000000001,320.0,14.465,0.938,11/07/17,LN2_SB
518,13.559999999999999,72.724,3.3,7.9,415.3280000000001,4.075,10.067,10.138000000000002,0.976,317.12,8.05,99.47999999999999,300.0,12.59,0.7388600000000001,11/07/17,LN2_CB
519,13.580000000000002,67.86,7.9,1.3,554.9200000000001,6.7,12.471,26.584000000000003,1.9279999999999997,423.18,8.08,101.82000000000001,706.0,15.22,1.6639999999999997,11/21/17,LN2_CB
520,12.1,36.976,1.1,9.2,445.45799999999997,11.6,18.254,21.534,1.476,440.79200000000003,7.6,77.25999999999999,404.0,17.59,1.1420000000000001,11/21/17,LN2_SB
521,12.0,44.7714,9.2,9.2,278.09999999999997,11.2,45.24,48.91202,10.642000000000001,275.96,7.23,60.0,1.412,26.408,1.35744,12/05/17,LN2_CB
522,10.76,34.8114,2.2,5.4,147.07999999999998,10.8,37.417,21.343200000000003,5.933999999999999,216.92,7.25,69.32000000000001,1.54,26.724,0.8028600000000001,12/05/17,LN2_SB
523,15.959999999999999,60.6514,7.0,5.4,433.12,31.5,42.926,51.257999999999996,10.323999999999998,382.32959999999997,7.41,139.22,1.07,27.27,3.7560000000000002,12/19/17,LN2_SB
524,22.68,46.38,4.9,2.2,289.18,13.25,26.395,64.97999999999999,5.034000000000001,427.14,7.55,180.58,480.0,18.97,2.1399999999999997,12/19/17,LN2_CB
525,23.1,2.461,3.4,2.3,114.4,231.55499999999998,1.109,3.44,0.6,191.4,8.61,50.0,46.0,4.81,0.25,01/09/18,LN1
526,10.0,127.6,2.2,1.1,320.1,26.0,22.774,52.35,6.54,377.3,7.72,50.0,460.0,17.44,1.3,01/09/18,LN2_SB
527,10.0,3.557,3.3,5.4,405.9,19.75,40.649,13.51,17.77,608.3,7.43,50.0,1.88,27.72,3.13,01/09/18,LN2_CB
528,10.68,89.86399999999999,3.3,7.0,450.688,2.65,5.53,14.068000000000001,1.02,351.6,8.43,82.92,1.41,9.16,0.884,01/23/18,LN2_CB
529,12.919999999999998,76.08,1.1,1.7,500.0400000000001,3.5,8.698,13.762,1.05,422.8,8.37,95.08000000000001,530.0,15.22,1.052,01/23/18,LN2_SB
530,12.76,54.90599999999999,4.9,2.4,394.14,3.8,19.878,17.20512,0.7084,278.28000000000003,8.27,79.32000000000001,240.0,13.7,0.9956999999999999,02/06/18,LN2_SB
531,24.96,119.70599999999999,1.6,1.6,451.008,11.6,12.458,42.986000000000004,5.5760000000000005,488.438,7.5,191.41,1.32,16.79,1.9119999999999997,02/06/18,LN2_CB
532,11.98,75.96000000000001,2.3,1.3,630.92,5.8,16.117,25.009999999999998,2.094,427.9200000000001,8.02,137.8,1.02,13.056,1.5959999999999999,02/20/18,LN2_SB
533,12.919999999999998,93.61999999999999,2.3,2.3,515.6400000000001,3.25,7.218,13.294,0.898,397.28000000000003,7.94,95.08000000000001,160.0,10.868,1.1300000000000001,02/20/18,LN2_CB
534,12.1,67.08000000000001,1.7,3.3,616.48,8.2,14.792,18.1,1.5539999999999998,453.2,7.99,74.2,550.0,15.41,1.28,03/06/18,LN2_SB
535,15.48,79.52000000000001,4.9,1.7,396.72,3.25,7.27,14.6174,0.9409199999999999,330.64,7.95,95.96000000000001,440.0,10.89,1.1389200000000002,03/06/18,LN2_CB
536,10.76,84.64,1.3,4.6,637.6,3.3,9.234,8.186,0.6819999999999999,444.96000000000004,8.14,69.32000000000001,230.0,13.81,0.9219999999999999,03/20/18,LN2_SB
537,15.48,79.52000000000001,4.9,1.3,396.71999999999997,3.45,8.602,14.617400000000004,0.9409199999999999,330.64,8.01,95.96000000000001,950.0,13.36,1.1389200000000002,03/20/18,LN2_CB
538,10.0,20.9,1.3,4.6,124.3,178.0,1.716,19.54,2.06,163.9,8.2,38.5,730.0,5.31,0.43,04/03/18,LN1
539,10.0,141.9,2.3,2.4,218.9,1.09,5.303,32.65,1.73,250.8,8.26,50.0,1.395,9.51,0.7,04/03/18,LN2_SB
540,10.0,28.6,3.3,1.3,612.7,2.5,7.529,8.19,1.12,364.1,8.28,50.0,310.0,14.13,0.59,04/03/18,LN2_CB
541,10.0,10.0,7.9,7.9,138.6,1.65,5.173,7.6,1.04,146.3,8.03,50.0,346.0,460.1940000000001,0.48,04/17/18,LN1
542,10.0,45.1,4.5,1.7,444.4,2.1,8.027,14.49,1.43,331.1,7.89,50.0,576.0,510.79400000000004,0.57,04/17/18,LN2_CB
543,10.0,19.8,4.0,3.3,466.4,2.2,7.892,7.72,0.7,336.6,8.05,52.8,160.0,13.104,0.45,04/17/18,LN2_SB
544,11.9,59.739999999999995,5.4,5.4,303.9,790.0,5.817,31.542,0.4620000000000001,293.7199999999999,7.98,88.46,110.0,10.776,1.192,05/22/18,LN2_SB
545,10.0,49.5,1.7,3.4,390.5,970.0,4.664,12.51,1.36,290.4,8.01,53.9,480.0,10.284,0.54,05/22/18,LN2_CB
546,107.42,50.4714,2.0,7.8,445.1652,21.0,41.303,79.46600000000001,16.624,376.532,7.39,160.07999999999998,2.51,25.49,5.609999999999999,06/05/18,LN2_SB
547,12.080000000000002,75.22,1.3,1.3,522.9200000000001,4.85,11.862,12.18,1.0219999999999998,418.9199999999999,7.92,79.52000000000001,730.0,13.55,0.938,06/05/18,LN2_CB
548,10.0,27.5,3.54,2.74,105.6,400.0,2.521,6.3,0.54,158.4,7.2620000000000005,50.0,332.0,5.97,0.13,06/22/18,LN1
549,21.560000000000002,53.403999999999996,3.56,7.8,291.38800000000003,2.3449999999999998,5.059,8.348,0.7080000000000001,288.8,8.39,116.63999999999999,210.0,12.02,1.3980000000000001,06/19/18,LN2_SB
550,10.0,50.6,3.1800000000000006,4.5,500.5,1.0,5.629,5.05,1.15,313.5,8.32,50.0,130.0,11.46,0.31,06/19/18,LN2_CB
551,10.76,101.58,2.0599999999999996,3.44,668.8,1.375,7.107,11.45,0.5780000000000001,433.6,7.98,69.32000000000001,230.0,13.32,1.056,07/03/18,LN2_CB
552,10.76,85.08,3.4800000000000004,4.58,693.6800000000001,5.0,14.524,26.375999999999998,1.426,452.2,8.01,70.97999999999999,1.4,17.93,2.004,07/03/18,LN2_SB
553,10.0,10.0,4.5,7.8,176.0,550.0,3.144,5.46,0.34,227.7,8.44,50.0,122.0,8.724,0.25,07/17/18,LN1
554,10.0,10.0,4.24,7.8,628.1,3.45,8.36,13.3,2.28,342.1,7.83,50.0,376.0,13.468,0.36,07/17/18,LN2_CB
555,10.0,10.0,4.5,4.9,591.8,450.0,4.034,4.58,0.42,356.4,8.16,50.0,116.0,11.334,0.46,07/17/18,LN2_SB
556,11.9,48.7922,3.3,3.3,303.9,600.0,4.343,5.158,0.4620000000000001,293.7199999999999,8.11,88.46,78.0,11.602,0.608,07/31/18,LN2_SB
557,11.440000000000001,67.844,3.3,7.9,443.308,3.3,7.135,8.286000000000001,0.786,364.16,7.8,102.24000000000001,250.0,13.428,0.834,07/31/18,LN2_CB
558,10.0,10.0,3.78,2.02,205.7,475.0,3.018,26.21,0.65,284.9,8.44,50.0,490.0,9.148,1.52,08/28/18,LN1
559,10.0,10.0,3.08,1.7,587.4,6.9,16.327,15.19,1.91,352.0,7.99,50.0,250.0,16.308,0.47,08/28/18,LN2_CM
560,22.68,46.38,3.3,2.2800000000000002,289.17999999999995,13.25,24.155,64.97999999999999,5.034000000000001,427.14,8.16,180.57999999999998,448.0,18.676,2.1399999999999997,08/28/18,LN2_SB
561,12.1,67.08,2.8,4.24,616.48,7.3,15.635,18.1,1.554,453.2,7.94,74.2,256.0,16.244,1.28,08/28/18,LN2_CB
562,10.0,10.0,4.5,4.5,183.7,248.0,2.42,3.86,0.33,265.1,8.43,50.0,42.0,8.186,0.23,09/11/18,LN1
563,10.0,10.0,4.9,1.1,564.3,6.5,14.341,12.05,1.29,401.5,8.0,50.0,168.0,16.682,0.49,09/11/18,LN2_CM
564,12.1,49.36,1.7,5.4,539.42,8.3,17.36,18.6,1.7559999999999998,454.71999999999997,8.19,74.97999999999999,116.0,17.836,1.1380000000000001,09/11/18,LN2_SB
565,12.1,81.0,7.9,3.3,651.0600000000001,7.7,17.013,28.694,1.8059999999999998,452.23999999999995,7.91,74.2,128.0,17.984,1.7260000000000002,09/11/18,LN2_CB
566,11.379999999999999,31.420000000000005,2.7,2.7,447.6,10.2,17.12,31.029999999999994,1.966,404.76000000000005,8.2,86.1,220.0,35.716,1.3860000000000001,09/25/18,LN2_SB
567,14.1,49.22,7.8,1.1,467.5799999999999,3.5500000000000007,14.566,22.1372,1.24308,279.3,7.93,84.2,124.0,8.628,1.35176,09/25/18,LN2_CB
568,10.0,59.4,1.8,1.1,224.4,117.155,2.623,7.51,0.21,313.5,8.31,50.0,170.0,8.92,0.49,10/16/18,LN1
569,10.1,88.68,2.7,1.7,693.9799999999999,7.05,14.406,16.241999999999997,1.372,442.25999999999993,8.3,64.2,270.0,18.82,2.786,10/16/18,LN2_SB
570,10.76,74.24,1.1,2.7,620.3799999999999,6.55,14.116,11.128,0.932,453.82,7.93,69.32000000000001,350.0,18.25,0.9,10/16/18,LN2_CB
571,10.0,31.8,2.2,1.1,230.7,400.0,2.332,5.13,0.32,309.1,8.68,50.0,110.0,9.18,0.29,10/30/18,LN1
572,10.0,165.0,3.3,1.1,679.8,5.3,11.446,12.87,0.77,482.9,8.6,50.0,270.0,17.47,8.63,10/30/18,LN2_SB
573,10.0,59.4,1.1,1.1,642.4,5.65,9.179,10.2,0.08,443.3,8.19,50.0,160.0,17.11,2.86,10/30/18,LN2_CB
574,13.419999999999998,65.47999999999999,9.4,2.4,550.48,9.5,16.073,29.462,1.864,441.18,8.19,84.4,656.0,15.232,1.7420000000000002,11/13/18,LN2_SB
575,10.86,75.96000000000001,1.3,3.5,629.0,5.6,15.765,25.009999999999998,1.582,407.44,8.08,83.52000000000001,744.0,13.336,1.596,11/13/18,LN2_CB
576,12.1,29.139999999999997,3.3,4.9,473.4200000000001,11.25,17.827,22.633999999999997,1.608,433.4,7.77,77.26,726.0,14.555,1.096,11/27/18,LN2_SB
577,25.04,75.61999999999999,7.0,4.6,247.88000000000002,3.2,5.163,9.18556,0.64794,274.3,7.87,119.48000000000002,164.0,8.03,1.56922,11/27/18,LN2_CB
578,10.0,10.0,2.0,6.8,307.67,635.0,2.556,9.6,0.55,50.0,8.28,50.0,136.0,8.288,0.32,12/18/18,LN1
579,10.0,10.0,2.0,1.7,20.0,14.125,21.503,62.05,6.98,50.0,7.75,50.0,708.0,17.816,1.17,12/18/18,LN2_CM
580,10.76,15.91,2.0,4.5,52.4,6.25,28.875,3.342,0.20000000000000004,102.72,7.64,69.32000000000001,1.64,22.02,0.12000000000000002,12/18/18,LN2_SB
581,12.76,59.48,2.0,2.0,431.38,7.42,12.828,9.984,0.932,355.56000000000006,7.45,79.32000000000001,190.0,14.69,0.61086,12/18/18,LN2_CB
582,10.0,92.29,3.54,2.16,20.0,380.0,2.138,14.87,0.6,220.66,8.68,50.0,380.0,6.425,0.45,01/22/19,LN1
583,10.0,152.57,5.58,3.8,53.82,2.7,6.747,17.84,1.66,397.32,8.22,50.0,340.0,12.705,0.49,01/22/19,LN2_CM
584,26.46,143.54999999999998,2.1,5.540000000000001,802.164,3.55,10.163,40.94200000000001,3.3099999999999996,460.758,8.15,51.0894,293.094,22.625999999999998,2.024,01/22/19,LN2_SB
585,19.759999999999998,94.12,5.5600000000000005,3.3199999999999994,488.5799999999999,2.85,7.72,7.0760000000000005,0.8320000000000001,336.14000000000004,8.32,69.88,226.8,13.6524,0.5940000000000001,01/22/19,LN2_CB
586,12.0,110.75999999999999,4.5600000000000005,3.2600000000000002,611.368,8.4,14.689,25.346,3.2359999999999998,442.558,8.25,65.6,184.74,14.849200000000002,1.556,02/05/19,LN2_SB
587,9.34,26.5,3.5200000000000005,4.9799999999999995,446.88,3.3,8.308,10.35,1.2419999999999998,308.9,8.0,56.02,445.2,14.239999999999998,66.794,02/05/19,LN2_CB
588,10.0,134.2,2.66,2.8600000000000003,654.17,5.7,9.95,30.17,2.41,6.0,7.85,50.0,360.0,11.54,1.54,02/19/19,LN1
589,10.0,144.32,3.7399999999999998,4.959999999999999,700.48,3.85,10.056,56.18,3.55,6.0,8.07,50.0,808.0,14.988,1.65,02/19/19,LN2_CM
590,9.4,139.94,3.84,2.3200000000000003,630.3480000000001,3.45,14.412,14.085999999999999,2.16758,306.0966,8.08,65.26,266.88,14.055599999999998,0.6002,02/19/19,LN2_SB
591,10.0,140.57799999999997,3.2600000000000002,2.88,604.286,4.7,14.306,21.928,3.5,383.84000000000003,8.26,53.94,371.28000000000003,14.114799999999999,1.058,02/19/19,LN2_CB
592,20.34,127.66599999999998,3.2800000000000002,2.8,503.50199999999995,5.4,9.563,30.244000000000007,2.7720000000000002,326.438,7.69,89.05,208.294,13.1564,3.1380000000000003,03/12/19,LN2_SB
593,9.2,11.358,4.119999999999999,2.54,187.54000000000002,2.55,13.115,1.29306,0.17182000000000003,73.1586,7.71,55.32000000000001,133.7656,98.546,0.13356800000000002,03/12/19,LN2_CB
594,10.0,25.46,2.3400000000000003,3.8600000000000003,146.96,1.85,7.304,17.37,1.75,215.49,8.05,50.0,230.0,8.396,0.54,03/26/19,LN1
595,10.0,53.14,3.5200000000000005,3.44,304.59,2.6,10.272,23.67,3.05,240.35,7.72,50.0,560.0,9.204,1.42,03/26/19,LN2_CM
596,27.8,161.326,3.7400000000000007,4.18,622.62,570.0,7.513,9.088,2.314,292.4386,6.98,69.09,227.5656,16.5704,1.142,03/26/19,LN2_SB
597,17.72,148.488,1.8199999999999998,3.7,388.024,22.4938,19.07,28.758000000000003,5.256,179.8482,7.06,169.922,405.1928,25.835199999999997,1.9200000000000004,03/26/19,LN2_CB
598,17.72,148.488,2.62,4.06,394.796,14.5,18.599,55.908,5.255999999999999,360.0766,7.02,169.92199999999997,307.602,20.357800000000005,1.9200000000000004,04/09/19,LN2_SB
599,10.0,45.778,3.0200000000000005,1.86,615.5980000000001,7.5,12.381,22.442,2.4520000000000004,340.2006,6.48,51.660000000000004,306.9656,26.305799999999998,2.17,04/09/19,LN2_CB
600,10.0,129.9,1.3,1.6,180.84,1.35,3.415,6.12,1.1,301.95,8.26,69.49,88.0,7.58,0.46,04/23/19,LN1
601,10.0,422.9,4.9,1.7,618.64,7.870000000000002,15.938,34.69,8.45,316.69,7.7,69.7,664.0,13.27,0.18,04/23/19,LN2_CM
602,12.0,9.5,1.8800000000000001,4.18,237.82399999999998,18.0248,30.976,5.2244,0.11280000000000001,30.6282,6.17,60.0,167.7108,27.117199999999997,0.022520000000000002,04/23/19,LN2_SB
603,12.74,141.968,1.94,3.88,322.396,14.019,19.855,31.134000000000007,3.0246999999999997,228.66620000000003,7.19,177.92199999999997,481.1928,112.39359999999999,1.4940000000000002,04/23/19,LN2_CB
604,23.740000000000002,58.5514,2.6199999999999997,6.859999999999999,459.5652,18.0,34.885,42.17800000000001,16.034,514.6786,6.55,168.16000000000003,1.4826000000000001,25.1984,3.614,05/07/19,LN2_SB
605,17.68,136.208,2.12,4.42,335.176,13.5,19.111,48.516000000000005,5.318,382.0166,7.32,202.722,392.991,21.207,1.9460000000000002,05/07/19,LN2_CB
606,33.08,34.95,5.139999999999999,3.3,188.65,950.0,8.998,4.87,0.91,273.46,8.37,366.3,104.0,7.06,1.42,05/21/19,LN1
607,19.91,54.95,4.98,2.7199999999999998,460.35,5.4,7.57,21.87,6.17,286.77,7.99,214.5,328.0,10.976,1.66,05/21/19,LN2_CM
608,17.240000000000002,130.28000000000003,4.960000000000001,3.2199999999999998,353.228,13.75,15.321,28.656000000000006,3.5060000000000002,199.85660000000001,6.46,131.66,158.4534,17.476399999999998,1.3900000000000001,05/21/19,LN2_SB
609,18.8,173.726,4.180000000000001,3.4799999999999995,652.9280000000001,11.5,12.465,26.722,4.43,418.9366,7.62,73.03,158.4296,19.9832,1.3439999999999999,05/21/19,LN2_CB
610,19.2,144.788,4.040000000000001,3.2,369.316,18.0,20.175,58.30800000000001,3.364,378.87660000000005,6.29,177.602,389.4436,21.8184,2.28,06/04/19,LN2_SB
611,17.720000000000002,48.876,2.1,4.779999999999999,445.64,14.218,18.71,33.532000000000004,4.656000000000001,232.5082,7.3,153.5,161.6182,23.5336,1.7600000000000002,06/04/19,LN2_CB
612,10.0,551.43,4.840000000000001,3.46,338.25,1.138,2.857,3.78,0.75,443.85,8.39,50.0,112.0,8.128,0.54,06/18/19,LN1
613,44.0,346.83,2.34,2.0,910.14,4.24,10.151,77.29,8.72,699.49,8.09,95.45,1.47,15.08,2.9,06/18/19,LN2_CM
614,17.3,145.988,1.86,3.16,282.98400000000004,17.8738,20.262,16.598000000000003,3.1447,282.6062,5.96,219.08199999999997,403.5928,113.1564,2.138,06/18/19,LN2_SB
615,11.28,146.384,2.02,4.4399999999999995,338.976,12.15,20.362,34.612,2.928,362.4966,7.49,87.542,400.19960000000003,22.078,1.432,06/18/19,LN2_CB
616,21.48,97.2714,2.5799999999999996,4.4399999999999995,615.844,49.25,49.98,66.10600000000001,25.298000000000002,209.4988,6.14,206.61999999999998,351.3416,30.0822,4.766,07/09/19,LN2_SB
617,13.98,105.58,3.7600000000000002,3.08,367.128,9.05,17.205,79.446,4.096,312.63800000000003,7.82,165.46,336.4,20.7748,4.984,07/09/19,LN2_CB
618,10.0,66.49,3.8,4.779999999999999,247.1,215.0,2.652,4.22,0.38,357.7,8.36,50.0,36.0,8.22,0.47,08/27/19,LN1
619,10.0,71.08,3.1999999999999997,6.779999999999999,481.69,10.9,17.967,4.25,0.37,513.26,7.63,50.0,400.0,18.024,0.99,08/27/19,LN2_CM
620,87.0,103.28000000000002,2.72,5.92,523.42,29.25,54.454,48.870000000000005,48.024,195.4042,6.7,125.829,80.57820000000001,33.286199999999994,6.530000000000001,08/27/19,LN2_SB
621,11.5,141.968,1.92,3.6400000000000006,190.596,10.289,19.635,37.260000000000005,2.6026999999999996,291.0276,7.51,168.28199999999998,442.2272,105.042,1.4940000000000002,08/27/19,LN2_CB
622,10.0,75.83,4.32,4.96,292.27,231.55499999999998,2.167,5.0,0.41,439.78,8.12,302.94,50.0,8.315,0.42,09/17/19,LN1
623,10.0,569.14,4.6,4.5200000000000005,137.28,14.680000000000001,19.619,74.18,3.37,645.59,7.47,132.11,790.0,18.69,1.79,09/17/19,LN2_CM
624,19.36,56.36,3.3600000000000003,6.719999999999999,619.6400000000001,11.4,50.215,67.48844,19.756020000000003,134.69879999999998,5.96,159.98,288.448,110.1736,2.5659199999999998,09/17/19,LN2_SB
625,12.0,9.5,1.6799999999999997,3.66,237.82399999999998,17.9448,31.269,3.7599999999999993,0.22400000000000003,30.6282,7.22,60.0,169.66680000000002,82.2324,0.022520000000000002,09/17/19,LN2_CB
626,16.8,90.50399999999999,3.16,2.0,684.766,8.4,12.101,35.489999999999995,3.9200000000000004,399.79859999999996,6.88,60.75,382.1656,18.2954,2.252,10/08/19,LN2_SB
627,18.32,168.328,2.5,5.779999999999999,346.92,12.75,18.298,36.588,4.593999999999999,278.0986,7.72,169.90200000000002,81.8788,19.709999999999997,1.8939999999999997,10/08/19,LN2_CB
628,10.0,10.0,2.4,2.4,42.68,390.0,2.334,6.41,0.7,62.49,8.26,50.0,310.0,5.8,0.41,10/22/19,LN1
629,10.0,31.79,5.4,5.4,233.09,6.7,13.503,32.8,5.97,302.61,7.75,50.0,790.0,12.78,2.27,10/22/19,LN2_CM
630,13.982,27.15,2.4400000000000004,4.6,444.32399999999996,130.2048,8.382,7.248,2.1249200000000004,138.26820000000004,6.36,93.46000000000001,343.5928,22.0444,0.63292,10/22/19,LN2_SB
631,19.36,48.3,3.3600000000000003,5.2,619.6400000000001,12.25,54.712,67.48844,19.75802,134.69879999999998,7.04,159.98,288.448,108.76500000000001,2.54444,10/22/19,LN2_CB
632,94.86,115.88,4.16,5.96,523.42,32.5,56.389,48.354,50.544,195.4042,6.67,224.3792,80.57820000000001,33.2862,7.398000000000001,11/12/19,LN2_SB
633,9.0,14.439999999999998,2.6599999999999997,3.9200000000000004,194.76000000000002,1.9,27.82,2.060236,0.16137,93.07860000000001,7.42,127.96,12.9656,317.4032,0.126947,11/12/19,LN2_CB
634,26.46,97.2714,3.7599999999999993,5.2,527.0040000000001,40.5,47.654,98.10999999999999,21.288,386.10859999999997,6.85,323.12,442.43459999999993,29.3666,4.766,11/19/19,LN2_SB
635,17.799999999999997,57.824,3.02,3.88,312.246,11.25,24.203,39.562400000000004,5.628400000000001,264.2946,7.55,174.18199999999996,222.47600000000003,22.568,2.0718199999999998,11/19/19,LN2_CB
636,26.46,145.08999999999997,1.8000000000000003,3.1799999999999997,755.8979999999999,4.6,9.833,36.815999999999995,3.314,349.97799999999995,7.76,49.4294,303.494,12.757200000000001,1.9279999999999997,12/03/19,LN2_SB
637,10.1,34.900000000000006,5.039999999999999,3.1199999999999997,227.81199999999998,1.625,4.354,11.323780000000001,1.1915799999999999,243.64000000000001,7.79,75.468,371.4,11.0214,0.7362,12/03/19,LN2_CB
638,10.0,197.45,3.839999999999999,3.14,117.37,231.55499999999998,1.542,5.6067,0.96569,169.62,8.16,50.0,16.0,4416.0,0.54351,12/17/19,LN1
639,10.0,130.02,4.8,4.539999999999999,290.73,11.0,26.603,68.222,13.662,355.08,7.32,50.71,680.0,13710.0,1.1891,12/17/19,LN2_CM
