cadmio,cobre,coliformes_termotolerantes,coliformes_totales,cromo,dbo5,dqo,hierro,manganeso,niquel,ph,plomo,solidos_suspendidos,solidos_totales,zinc,fecha,referencia
0.5,1.0,3000.0,3000.0,2.0,0.68,11.81,1.883,0.05285,4.0,8.2,10.0,41.0,313.0,0.1353,04/06/2001,P1
0.5,1.0,2200.0,7000.0,2.0,0.18,23.42,5.179,0.1641,4.0,8.36,10.0,185.0,453.0,0.09056,04/06/2001,P2
0.5,1.0,7000.0,17000.0,2.0,0.48,19.68,6.043,0.2047,4.0,8.47,10.0,209.0,470.0,0.09999,04/06/2001,P3
0.5,1.0,11000.0,11000.0,2.0,0.58,7.87,3.159,0.09761,4.0,8.34,10.0,74.0,350.0,0.09698,04/06/2001,P4
0.5,2.89,13000.0,13000.0,2.0,0.35,7.75,1.093,0.03675,5.2,8.44,10.0,0.0,293.0,0.1172,04/07/2001,P1
0.5,6.58,3000.0,3000.0,4.01,0.37,11.63,1.258,0.07701,15.34,8.17,10.0,3.0,297.0,0.136,04/07/2001,P2
0.5,6.85,2200.0,2200.0,6.33,0.37,9.69,1.106,0.06362,29.4,8.2,10.0,7.0,305.0,0.07549,04/07/2001,P3
0.5,11.25,17000.0,17000.0,2.0,0.52,23.62,1.581,0.03941,26.95,8.2,10.0,4.0,322.0,0.08745,04/07/2001,P4
0.5,4.79,800.0,50000.0,2.0,0.88,11.79,0.614,0.04747,27.4,8.63,14.73,11.0,426.0,0.04074,20/03/2002,P1
0.5,1.77,1700.0,30000.0,2.0,0.9,9.82,0.003,0.001,9.01,8.5,37.5,11.0,439.0,0.00379,20/03/2002,P2
0.5,2.82,2200.0,8000.0,2.0,0.73,1.96,1.068,0.08725,19.28,8.55,10.0,22.0,477.0,0.01869,20/03/2002,P3
0.5,5.14,8000.0,17000.0,2.0,0.93,3.93,5.103,0.1195,27.21,8.55,15.67,81.0,534.0,0.03026,20/03/2002,P4
10.52,35.12,1700.0,50000.0,352.38,343.925,1.83,19.926,1.3179999999999998,295.06,7.958000000000001,64.2,233.45299999999997,927.8,1.1520000000000001,06/11/2002,P1
10.52,44.940000000000005,5000.0,30000.0,367.68,343.925,1.65,29.438200000000002,1.314,296.1,7.958,64.2,539.653,969.0,1.17428,06/11/2002,P2
10.52,44.94,8000.0,24000.0,367.68,343.925,1.68,29.438200000000002,1.314,296.1,7.958000000000001,64.2,539.653,1118.0,1.17428,06/11/2002,P3
10.52,44.940000000000005,3000.0,30000.0,367.68,343.925,1.75,29.438200000000002,1.314,296.1,7.958000000000001,64.2,383.85299999999995,1876.0,1.17428,06/11/2002,P4
10.0,19.82,3000.0,5000.0,35.3,0.73,25.0,9.742199999999999,0.036000000000000004,51.04,8.8,50.0,392.479,438.0,0.05628000000000001,04/12/2002,P1
10.0,34.32,800.0,1300.0,62.98,0.95,20.571,10.726199999999999,0.098,98.02,8.6,50.0,6.159999999999999,463.0,0.11028000000000002,04/12/2002,P2
10.0,19.82,1700.0,50000.0,35.3,0.55,25.0,9.7422,0.036,51.04,8.7,50.0,473.25300000000004,453.0,0.05628,04/12/2002,P3
10.0,19.82,5000.0,8000.0,35.3,0.48,25.0,9.7422,0.036000000000000004,51.04,8.7,50.0,675.853,460.0,0.05628,04/12/2002,P4
10.0,10.36,5000.0,17000.0,20.0,0.5,25.0,0.262,0.036000000000000004,50.0,7.738000000000001,50.0,318.85299999999995,306.0,0.032,31/03/2003,P1
10.0,19.82,2400.0,7000.0,35.3,0.8,25.0,9.770199999999999,0.036000000000000004,51.04,7.773999999999999,50.0,429.253,305.0,0.054279999999999995,31/03/2003,P2
15.413470297029702,38.231235294117646,103411.13056603774,193118.79889298894,152.32398533007333,39.34566204506066,29.965612111292966,16.809934490861618,2.5159049600000003,158.78509536082473,8.001989881956156,78.52480693069307,217.1907132352941,224.88952222222224,1.7132623208556148,31/03/2003,P3
15.413470297029702,38.231235294117646,103411.13056603774,193118.79889298894,152.32398533007333,39.34566204506066,29.965612111292966,16.809934490861618,2.5159049600000003,158.78509536082473,8.001989881956156,78.52480693069307,217.1907132352941,224.88952222222224,1.7132623208556148,31/03/2003,P4
14.540000000000001,256.78799999999995,30000.0,90000.0,521.0740000000001,24.875,49.4986,16.160000000000004,32.152,232.7452,6.544,96.04599999999999,382.0186,813.0,1.5639999999999998,28/04/2003,P1
14.540000000000001,256.78799999999995,30000.0,130000.0,521.0740000000001,24.875,49.4986,16.160000000000004,32.152,232.7452,6.544,96.04599999999999,382.0186,977.0,1.564,28/04/2003,P2
14.540000000000001,256.78799999999995,30000.0,30000.0,521.0740000000001,24.875,49.4986,16.160000000000004,32.152,232.7452,6.544,96.046,382.0186,794.0,1.564,28/04/2003,P3
7.74,230.01400000000004,8000.0,80000.0,481.2760000000001,93.565,41.5156,16.014000000000003,30.53000000000001,168.8132,7.042,86.95599999999999,150.0186,1084.0,1.516,28/04/2003,P4
10.0,10.36,1300.0,3000.0,20.0,0.75,25.0,0.29000000000000004,0.036000000000000004,50.0,7.744,50.0,0.0,338.0,0.03,23/07/2003,P1
10.0,10.0,1100.0,50000.0,20.0,0.75,25.0,0.258,0.04,50.0,7.774000000000001,50.0,0.0,364.0,0.032,23/07/2003,P2
10.0,19.82,1100.0,5000.0,35.3,0.88,25.0,9.770199999999999,0.036000000000000004,51.04,7.774000000000001,50.0,0.0,341.0,0.054279999999999995,23/07/2003,P3
10.0,19.82,300.0,5000.0,35.3,1.1,20.8708,9.770199999999999,0.036000000000000004,51.04,7.804,50.0,22.0,329.0,0.054279999999999995,23/07/2003,P4
0.5,10.36,1300.0,5000.0,2.0,1.4,23.7,0.29000000000000004,0.0069,50.0,7.0280000000000005,25.4,11.8,449.0,0.030000000000000006,24/09/2003,P1
0.5,10.0,800.0,11000.0,2.5,1.0,21.8,0.258,0.3736,50.0,7.004,38.0,298.0,469.0,0.032,24/09/2003,P2
1.2,14.98,800.0,2200.0,6.1,1.5,27.7,26.075720000000008,0.0169,163.57999999999998,6.864,343.2,28.722,426.0,1.6428199999999997,24/09/2003,P3
0.5,16.919999999999998,230.0,2800.0,8.6,1.0,19.8,26.092000000000006,0.0135,170.57999999999998,7.004,257.4,384.0,459.0,1.6539999999999995,24/09/2003,P4
0.5,10.0,1100.0,5000.0,5.7,1.1,5.9,0.258,0.0715,50.0,7.723999999999999,10.0,79.8,396.0,0.032,08/12/2003,P1
0.5,10.0,1700.0,3000.0,11.0,0.9,5.9,0.258,0.1154,50.0,7.723999999999999,10.0,385.2,408.0,0.032,08/12/2003,P2
0.5,10.0,1300.0,2400.0,13.6,0.9,3.7,0.258,0.0917,50.0,7.723999999999999,10.0,121.2,426.0,0.032,08/12/2003,P3
0.5,10.36,2800.0,8000.0,19.7,0.4,3.7,0.262,0.0706,50.0,7.723999999999999,10.0,121.0,434.0,0.032,08/12/2003,P4
0.5,10.0,5000.0,17000.0,2.0,0.8,16.0,0.258,0.0597,50.0,7.682,10.0,388.6,429.0,0.032,26/01/2004,P1
0.5,10.0,1700.0,13000.0,2.0,1.0,14.0,0.258,0.1589,50.0,7.991999999999999,10.0,386.2,454.0,0.032,26/01/2004,P2
0.5,10.0,3000.0,5000.0,2.0,0.8,14.0,0.258,0.0813,50.0,7.991999999999999,10.0,385.2,452.0,0.032,26/01/2004,P3
0.5,10.0,1100.0,5000.0,2.0,0.6,12.0,0.258,0.0414,50.0,7.9399999999999995,10.0,79.8,460.0,0.032,26/01/2004,P4
0.5,10.36,500.0,2800.0,2.0,0.7,1.95,0.29000000000000004,0.0344,50.0,8.004,10.0,117.4,432.0,0.030000000000000006,16/02/2004,P1
0.5,10.0,1030.0,3000.0,2.0,0.9,5.9,0.258,0.2044,50.0,7.723999999999999,10.0,74.8,468.0,0.032,16/02/2004,P2
0.94,10.0,1300.0,5000.0,3.5,0.8,1.95,0.258,0.0594,50.0,8.004,10.0,11.8,399.0,0.032,16/02/2004,P3
0.56,10.36,1300.0,1300.0,5.1,0.4,3.9,0.6,0.0212,50.0,7.723999999999999,10.0,63.2,478.0,0.027999999999999997,16/02/2004,P4
3.2,6.8,1700.0,5000.0,2.0,1.3,14.528799999999999,0.2389,0.0379,16.6,8.42,10.0,0.0,411.0,0.021,11/10/2004,P1
8.5,7.7,500.0,1700.0,2.0,0.9,20.3576,0.2984,0.0559,18.8,8.37,10.0,0.0,420.0,0.1057,11/10/2004,P2
6.3,5.1,10000.0,13000.0,2.0,0.7,20.3576,0.4544,0.0538,25.1,8.4,119.5,0.0,428.0,0.0158,11/10/2004,P3
9.1,5.7,2400.0,13000.0,2.0,0.7,20.3576,1.552,0.0582,24.1,8.43,70.5,33.0,461.0,0.0315,11/10/2004,P4
0.5,10.0,500.0,2200.0,41.3,0.8,29.0,0.258,0.1753,50.0,6.864,10.0,116.4,461.0,0.032,02/05/2005,P1
0.5,10.0,800.0,8000.0,27.3,0.7,23.0,0.258,0.1788,50.0,7.0280000000000005,10.0,391.2,481.0,0.032,02/05/2005,P2
0.5,10.0,1300.0,2200.0,14.8,0.6,27.0,0.258,0.2,50.0,6.792,29.3,66.4,497.0,0.032,02/05/2005,P3
1.2,10.0,800.0,5000.0,17.3,0.7,35.0,0.258,0.2066,50.0,6.982000000000001,10.0,5.8,593.0,0.032,02/05/2005,P4
0.5,1.0,2400.0,7900.0,3.0,0.2,18.0,0.0553,0.0153,8.0,8.42,15.7,0.0,349.0,0.0008,28/06/2006,P1
0.88,1.0,130000.0,240000.0,3.0,0.2,14.0,0.0416,0.003,6.1,8.28,10.0,1.0,358.0,0.0008,28/06/2006,P2
0.61,1.0,1700.0,4600.0,3.0,0.3,31.0,0.0225,0.004,7.2,8.36,21.4,1.0,359.0,0.0008,28/06/2006,P3
0.83,1.0,2200.0,2700.0,3.0,0.2,10.0,0.0149,0.0011,8.9,8.47,38.9,4.0,405.0,0.0008,28/06/2006,P4
15.413470297029702,38.231235294117646,103411.13056603774,193118.79889298894,152.32398533007333,39.34566204506066,29.965612111292966,16.809934490861618,2.5159049600000003,158.78509536082473,8.001989881956156,78.52480693069307,217.1907132352941,224.88952222222224,1.7132623208556148,28/06/2006,P5
15.413470297029702,38.231235294117646,103411.13056603774,193118.79889298894,152.32398533007333,39.34566204506066,29.965612111292966,16.809934490861618,2.5159049600000003,158.78509536082473,8.001989881956156,78.52480693069307,217.1907132352941,224.88952222222224,1.7132623208556148,28/06/2006,P6
20.0,30.9,2800.0,22000.0,50.0,1.2,54.0,3.432,0.0601,34.8,7.5,100.0,38.0,320.0,0.053,23/03/2011,P1
20.0,20.7,1300.0,9400.0,50.0,1.0,58.0,3.1,0.0656,15.4,7.64,100.0,22.0,328.0,0.0552,23/03/2011,P2
20.0,18.9,4900.0,24000.0,50.0,1.3,44.0,4.195,0.0698,29.4,7.77,100.0,28.0,337.0,1.249,23/03/2011,P3
20.0,28.2,3300.0,22000.0,50.0,1.0,50.0,9.803,0.1662,33.5,7.88,100.0,193.0,513.0,0.0633,23/03/2011,P4
20.0,17.7,1700.0,17000.0,50.0,1.0,58.0,5.002,0.0665,25.7,7.9,100.0,37.0,342.0,0.0319,23/03/2011,P5
20.0,13.4,16000.0,16000.0,50.0,0.3,12.0,2.106,0.035,27.7,8.1,100.0,37.0,455.0,0.0239,23/03/2011,P6
20.0,6.3,790.0,2400.0,6.0,0.6,16.0,0.2859,0.0209,15.0,7.98,100.0,308.88,16.0796,0.0041,22/06/2011,P1
20.0,6.4,1300.0,2200.0,6.0,0.6,18.0,0.3056,0.052,15.0,8.01,100.0,308.88,16.0796,0.0385,22/06/2011,P2
20.0,5.9,490.0,1100.0,6.0,0.6,8.0,0.307,0.0446,15.0,8.06,100.0,389.4,14.180000000000001,0.1246,22/06/2011,P3
20.0,6.2,7900.0,17000.0,6.0,0.6,16.0,0.2601,0.0345,15.0,8.11,100.0,308.88,16.0796,0.0947,22/06/2011,P4
20.0,5.7,700.0,940.0,6.0,0.7,14.0,0.288,0.0464,15.0,8.04,100.0,308.88,15.7768,0.0504,22/06/2011,P5
20.0,4.5,790.0,1300.0,6.0,0.3,6.0,0.0778,0.0097,15.0,7.82,100.0,341.6,13.3192,0.0561,22/06/2011,P6
20.0,22.0,4900.0,4900.0,20.0,0.8,58.0,12.89,0.1217,50.0,7.82,100.0,105.0,366.0,0.0547,05/10/2011,P1
20.0,24.4,13000.0,13000.0,20.0,1.0,58.0,9.922,0.1133,50.0,7.81,100.0,116.0,412.0,0.0529,05/10/2011,P2
20.0,18.4,13000.0,17000.0,20.0,0.8,46.0,11.72,0.1166,50.0,7.88,100.0,101.0,430.0,0.035,05/10/2011,P3
20.0,22.5,4900.0,17000.0,20.0,0.6,46.0,13.19,0.1557,50.0,8.03,100.0,143.0,438.0,0.0469,05/10/2011,P4
20.0,20.7,7900.0,49000.0,20.0,1.1,64.0,13.5,0.1465,14.9,7.94,100.0,103.0,399.0,0.0451,05/10/2011,P5
20.0,20.2,1300.0,4900.0,20.0,0.4,14.0,0.7265,0.0132,117.2,8.12,100.0,9.0,367.0,0.2562,05/10/2011,P6
20.0,4.0,3500.0,4000.0,20.0,1.0,42.0,5.927,0.04,50.0,7.84,100.0,372.48,18.509999999999998,0.0158,20/12/2011,P1
20.0,4.0,3300.0,11000.0,20.0,0.9,38.0,8.325,0.04000000000000001,50.0,7.74,100.0,372.48,18.509999999999998,0.0382,20/12/2011,P2
20.0,6.1,7000.0,17000.0,20.0,1.4,40.0,14.58,0.04,50.0,7.72,100.0,372.48,18.509999999999998,0.0377,20/12/2011,P3
20.0,11.9,3300.0,11000.0,25.3,1.1,46.0,20.03,0.044000000000000004,50.0,7.79,100.0,372.48,18.509999999999998,0.0784,20/12/2011,P4
20.0,4.0,3300.0,11000.0,20.0,0.8,32.0,8.992,0.04000000000000001,50.0,7.8,100.0,348.48,17.98,0.0226,20/12/2011,P5
20.0,50.0,1700.0,4900.0,23.3,0.2,12.0,13.21,0.044000000000000004,50.0,8.11,100.0,389.4,14.180000000000001,0.0343,20/12/2011,P6
20.0,501.9,3300.0,7900.0,20.0,0.7,21.0,1.934,0.0314,50.0,8.3,100.0,13.0,255.0,0.0583,09/04/2012,P1
20.0,12.5,2200.0,11000.0,20.0,0.8,21.0,3.618,0.114,50.0,8.1,100.0,153.0,367.0,0.0336,09/04/2012,P2
20.0,111.9,11000.0,170000.0,67.6,3.1,107.0,78.62,2.218,86.6,7.91,100.0,2320.0,2968.0,0.2925,09/04/2012,P3
20.0,160.7,17000.0,79000.0,20.0,0.9,32.0,8.047,0.1592,50.0,8.31,100.0,180.0,458.0,0.0438,09/04/2012,P4
20.0,244.9,330.0,790.0,20.0,1.0,19.0,4.576,0.1323,50.0,8.3,100.0,170.0,398.0,0.0796,09/04/2012,P5
20.0,13.6,230.0,1700.0,20.0,0.2,4.0,0.1618,0.01,50.0,8.1,100.0,9.0,403.0,0.0159,09/04/2012,P6
20.0,12.4,14000.0,14000.0,20.0,3.25,68.0,6.2557,0.036000000000000004,50.0,7.66,100.0,524.2,21.753999999999998,0.0271,26/06/2012,P1
20.0,12.7,13000.0,17000.0,20.0,3.5,62.0,5.8311,0.057319999999999996,50.0,7.47,100.0,392.4,101.2612,0.0318,26/06/2012,P2
20.0,13.3,92000.0,160000.0,20.0,3.75,70.0,7.3678,0.054000000000000006,50.0,7.49,100.0,492.6,98.666,0.0448,26/06/2012,P3
20.0,10.8,13000.0,24000.0,20.0,2.55,50.0,5.0853,0.036000000000000004,50.0,7.6,100.0,372.48,18.509999999999998,0.0541,26/06/2012,P4
20.0,15.2,24000.0,54000.0,20.0,3.45,60.0,5.9565,0.036000000000000004,50.0,7.58,100.0,372.48,18.509999999999998,0.0367,26/06/2012,P5
20.0,5.0,490.0,700.0,20.0,0.55,27.0,0.26,0.04,50.0,7.51,100.0,348.48,17.276,0.1225,26/06/2012,P6
20.0,9.6,790.0,1700.0,20.0,1.1,25.0,0.0666,0.0371,50.0,8.64,100.0,6.4,401.0,0.0125,27/09/2012,P1
20.0,8.5,700.0,1400.0,20.0,1.1,25.0,0.0748,0.0834,50.0,8.66,100.0,6.4,382.0,0.0158,27/09/2012,P2
20.0,8.6,20.0,1100.0,20.0,0.9,25.0,0.1054,0.033,50.0,8.75,100.0,6.4,375.0,0.0155,27/09/2012,P3
20.0,49.9,45.0,490.0,20.0,0.89,25.0,0.0548,0.0075,50.0,8.63,100.0,6.4,464.0,0.0158,27/09/2012,P4
20.0,7.5,330.0,700.0,20.0,1.2,25.0,0.1004,0.0805,50.0,8.65,100.0,6.4,435.0,0.0145,27/09/2012,P5
20.0,4.0,2.0,23.0,20.0,0.89,25.0,0.3222,0.0399,50.0,7.75,100.0,6.4,458.0,0.0194,27/09/2012,P6
20.0,7.4,790.0,3300.0,20.0,0.89,25.0,0.406,0.05000000000000001,50.0,8.37,100.0,348.48,16.662799999999997,0.0257,04/12/2012,P1
20.0,6.2,1300.0,1700.0,20.0,0.89,25.0,0.3374,0.04,50.0,8.31,100.0,377.48,17.192,0.012,04/12/2012,P2
20.0,5.6,490.0,790.0,20.0,0.89,25.0,0.3689,0.038,50.0,8.3,100.0,348.48,16.662799999999997,0.0308,04/12/2012,P3
20.0,12.9,790.0,1100.0,20.0,0.89,25.0,0.6083,0.034,50.0,8.32,100.0,292.28000000000003,15.279599999999999,0.037,04/12/2012,P4
20.0,5.3,330.0,490.0,20.0,0.89,25.0,0.4134,0.047200000000000006,50.0,8.3,100.0,348.48,16.662799999999997,0.0169,04/12/2012,P5
20.0,4.0,170.0,790.0,20.0,0.89,25.0,0.198,0.04,50.0,7.83,100.0,348.48,16.662799999999997,0.01,04/12/2012,P6
20.0,18.5,35000.0,92000.0,20.0,5.35,74.0,10.3213,0.2048,50.0,7.51,100.0,128.0,439.0,0.0381,19/03/2013,P1
20.0,16.8,13000.0,92000.0,20.0,5.55,56.0,9.4622,0.2001,50.0,7.36,100.0,124.0,435.0,0.0355,19/03/2013,P2
20.0,18.4,35000.0,160000.0,20.0,5.1,75.0,8.8902,0.1835,50.0,7.34,100.0,116.0,425.0,0.0377,19/03/2013,P3
20.0,20.9,35000.0,92000.0,20.0,5.05,73.0,11.957,0.2044,50.0,7.42,100.0,155.0,479.0,0.0678,19/03/2013,P4
20.0,18.6,13000.0,92000.0,20.0,5.25,64.0,10.5336,0.2149,50.0,7.19,100.0,130.0,445.0,0.0596,19/03/2013,P5
20.0,4.0,3300.0,3300.0,20.0,0.35,60.0,0.159,0.0121,50.0,7.71,100.0,6.4,430.0,0.01,19/03/2013,P6
10.0,37.5,790.0,3500.0,20.0,1.0,26.0,0.2148,0.05,50.0,8.3,50.0,348.48,17.276,0.0263,20/06/2013,P1
10.0,20.8,700.0,5400.0,20.0,1.0,25.0,0.2137,0.036,50.0,8.24,50.0,348.48,16.6628,0.0213,20/06/2013,P2
10.0,21.0,1100.0,2200.0,20.0,1.0,35.0,0.2749,0.036,50.0,8.31,50.0,372.48,18.509999999999998,0.0945,20/06/2013,P3
10.0,28.0,490.0,5400.0,20.0,1.0,25.0,2.3727,0.04800000000000001,50.0,8.32,50.0,268.68,115.554,0.0639,20/06/2013,P4
10.0,22.1,790.0,1700.0,20.0,1.0,25.0,0.2295,0.036000000000000004,50.0,8.26,50.0,377.48,17.192,0.0296,20/06/2013,P5
10.0,24.9,110.0,790.0,20.0,1.0,25.0,0.1009,0.036,50.0,7.58,50.0,348.48,16.662799999999997,0.013,20/06/2013,P6
10.0,4.0,1300.0,1300.0,20.0,1.7,25.0,0.129,0.0271,50.0,8.64,50.0,6.0,433.0,0.0195,11/09/2013,P1
10.0,4.0,330.0,490.0,20.0,1.75,25.0,0.0123,0.056,50.0,8.62,50.0,6.0,418.0,0.01,11/09/2013,P2
10.0,4.0,330.0,330.0,20.0,1.35,25.0,0.069,0.0103,50.0,8.81,50.0,6.0,411.0,0.01,11/09/2013,P3
10.0,4.0,540.0,540.0,20.0,0.7,25.0,0.0901,0.0083,50.0,8.32,50.0,6.0,419.0,0.01,11/09/2013,P4
10.0,4.0,790.0,2400.0,20.0,1.45,25.0,0.2427,0.0872,50.0,8.65,50.0,6.0,420.0,0.01,11/09/2013,P5
10.0,4.0,13.0,31.0,20.0,0.65,25.0,0.0262,0.0251,50.0,7.83,50.0,6.0,473.0,0.01,11/09/2013,P6
10.0,45.5,2160.0,13860.0,46.4,3.6,46.0,2.8281,0.188,50.0,7.84,50.0,4.6823999999999995,428.6,0.1472,31/01/2014,P1
10.0,57.6,2160.0,13860.0,65.7,3.4,47.0,42.691,0.24,50.0,7.79,50.0,4.6823999999999995,428.6,0.1541,31/01/2014,P2
10.0,51.6,10160.0,27860.0,59.1,2.7,37.0,35.576,0.2,50.0,7.81,50.0,4.606,341.7548,0.1943,31/01/2014,P3
10.0,68.5,2160.0,13860.0,91.7,2.6,91.0,56.342,0.6436,59.7,7.8,50.0,188.4,428.6,0.2026,31/01/2014,P4
10.0,60.0,2160.0,13860.0,81.6,3.4,43.0,50.171,0.24000000000000005,52.7,7.74,50.0,4.606,428.6,0.1859,31/01/2014,P5
10.0,59.1,1240.0,14000.0,96.5,1.0,25.0,47.751,1.53324,55.2,7.84,50.0,40.0,335.4,0.1514,31/01/2014,P6
10.0,10.0,2200.0,54000.0,20.0,0.9,41.0,1.36,0.05,50.0,8.19,50.0,15.0,280.0,0.03,29/04/2014,P1
10.0,10.0,3300.0,7900.0,20.0,1.05,33.0,1.29,0.07,50.0,8.3,50.0,22.0,328.0,0.13,29/04/2014,P2
10.0,10.0,2300.0,11000.0,20.0,0.9,41.0,1.43,0.06,50.0,8.4,50.0,28.0,347.0,0.08,29/04/2014,P3
10.0,24.2,9400.0,54000.0,20.0,1.35,31.0,4.11,0.16,50.0,8.43,50.0,134.0,497.0,0.08,29/04/2014,P4
10.0,12.2,4900.0,35000.0,20.0,0.95,27.0,2.24,0.08,50.0,8.29,50.0,48.0,390.0,0.06,29/04/2014,P5
10.0,15.5,78.0,790.0,20.0,0.15,25.0,1.89,0.03,50.0,8.13,50.0,47.0,513.0,0.05,29/04/2014,P6
10.0,10.0,2400.0,2400.0,20.0,0.4,25.0,0.22,0.04,50.0,8.27,50.0,316.28000000000003,17.142000000000003,0.06,15/07/2014,P1
10.0,10.0,170.0,170.0,20.0,0.5,25.0,0.21,0.04,50.0,8.29,50.0,348.48,16.662799999999997,0.08,15/07/2014,P2
10.0,10.0,490.0,1700.0,20.0,0.35,25.0,0.19,0.04,50.0,8.41,50.0,377.48,17.192,0.05,15/07/2014,P3
10.0,96.7,330.0,700.0,20.0,0.95,25.0,0.31,0.036,50.0,8.52,50.0,348.48,16.662799999999997,0.05,15/07/2014,P4
10.0,10.0,330.0,490.0,20.0,0.6,25.0,0.7,0.046,50.0,8.4,50.0,268.68,97.15400000000001,0.05,15/07/2014,P5
10.0,10.0,240.0,240.0,20.0,0.4,25.0,0.13,0.04,50.0,8.02,50.0,269.68,72.954,0.05,15/07/2014,P6
10.0,18.3,5400.0,16000.0,20.0,1.05,34.0,2.7,0.044,50.0,8.74,50.0,372.48,17.98,0.27,27/01/2015,P1
10.0,10.3,3500.0,16000.0,20.0,1.1,36.0,2.65,0.04000000000000001,50.0,8.72,50.0,372.48,18.509999999999998,0.05,27/01/2015,P2
10.0,13.3,3500.0,16000.0,20.0,1.1,32.0,3.5,0.044,50.0,8.81,50.0,372.48,17.979999999999997,0.15,27/01/2015,P3
10.0,77.1,13000.0,35000.0,68.4,4.1,45.0,51.56,0.044000000000000004,62.7,8.61,50.0,372.48,18.509999999999998,0.2,27/01/2015,P4
10.0,11.1,16000.0,16000.0,20.0,0.7,29.0,5.13,0.038000000000000006,50.0,8.77,50.0,348.48,17.98,0.03,27/01/2015,P5
10.0,63.5,240.0,240.0,85.9,0.5,25.0,44.55,0.05199999999999999,54.5,8.78,50.0,348.48,16.662799999999997,0.13,27/01/2015,P6
10.0,13.4,13000.0,92000.0,20.0,1.25,40.0,4.65,0.08,50.0,8.09,50.0,85.0,385.0,0.04,31/03/2015,P1
10.0,12.3,17000.0,35000.0,20.0,0.4,44.0,4.74,0.09,50.0,8.31,50.0,180.0,374.0,0.04,31/03/2015,P2
10.0,36.7,22000.0,28000.0,20.0,0.55,26.0,9.91,0.15,50.0,8.3,50.0,180.0,4.78,0.05,31/03/2015,P3
10.0,28.9,13000.0,54000.0,28.8,0.55,37.0,21.04,0.31,50.0,8.33,50.0,420.0,667.0,0.07,31/03/2015,P4
10.0,13.5,92000.0,160000.0,20.0,0.45,32.0,7.76,0.1,50.0,8.3,50.0,98.0,403.0,0.05,31/03/2015,P5
10.0,10.0,2300.0,4900.0,20.0,0.1,25.0,5.09,0.06,50.0,8.37,50.0,115.0,567.0,0.06,31/03/2015,P6
10.0,10.0,1300.0,3300.0,20.0,0.6,25.0,1.79,0.04,50.0,7.55,50.0,348.48,16.662799999999997,0.02,07/07/2015,P1
10.0,10.0,1300.0,1300.0,20.0,0.65,25.0,1.97,0.042,50.0,7.84,50.0,90.67999999999999,281.2468,0.02,07/07/2015,P2
10.0,10.0,4900.0,4900.0,20.0,0.5,25.0,1.9,0.04,50.0,7.92,50.0,143.36399999999998,17.865999999999996,0.02,07/07/2015,P3
10.0,10.0,1300.0,3300.0,20.0,0.65,25.0,1.31,0.04,50.0,7.97,50.0,348.48,16.662799999999997,0.02,07/07/2015,P4
10.0,10.0,4900.0,7900.0,20.0,0.55,25.0,2.04,0.04,50.0,7.94,50.0,348.48,16.662799999999997,0.02,07/07/2015,P5
10.0,47.0,3.0,2300.0,20.0,0.2,25.0,0.85,0.044000000000000004,50.0,7.55,50.0,338.48,16.662799999999997,0.21,07/07/2015,P6
10.0,10.0,330.0,1300.0,20.0,0.85,50.0,0.11,0.03,50.0,8.39,50.0,6.0,422.0,0.02,13/10/2015,P1
10.0,10.0,33.0,46.0,20.0,1.1,32.0,0.22,0.07,50.0,8.42,50.0,6.0,449.0,0.02,13/10/2015,P2
10.0,10.0,330.0,1100.0,20.0,0.9,25.0,0.24,0.05,50.0,8.58,50.0,6.0,450.0,0.08,13/10/2015,P3
10.0,10.0,17.0,33.0,20.0,0.8,25.0,0.2,0.04,50.0,8.59,50.0,6.0,466.0,0.02,13/10/2015,P4
10.0,10.0,17.0,17.0,20.0,0.95,25.0,0.22,0.08,50.0,8.46,50.0,6.0,438.0,0.02,13/10/2015,P5
15.413470297029702,38.231235294117646,103411.13056603774,193118.79889298894,152.32398533007333,39.34566204506066,29.965612111292966,16.809934490861618,2.5159049600000003,158.78509536082473,8.001989881956156,78.52480693069307,217.1907132352941,224.88952222222224,1.7132623208556148,13/10/2015,P6
10.0,10.0,3300.0,4600.0,20.0,1.7,30.0,2.43,0.04,50.0,8.3,50.0,348.48,17.98,0.03,12/01/2016,P1
10.0,10.0,4900.0,7900.0,20.0,2.0,37.0,2.33,0.04,50.0,7.98,50.0,372.48,18.509999999999998,0.04,12/01/2016,P2
10.0,10.0,2800.0,13000.0,21.6,1.8,25.0,2.45,0.04,50.0,8.31,50.0,348.48,17.276,0.03,12/01/2016,P3
10.0,10.0,7900.0,22000.0,20.0,1.6,25.0,2.49,0.04,50.0,8.32,50.0,348.48,16.662799999999997,0.03,12/01/2016,P4
10.0,10.0,4900.0,7900.0,20.0,1.8,25.0,2.37,0.04,50.0,8.07,50.0,348.48,17.276,0.02,12/01/2016,P5
15.413470297029702,38.231235294117646,103411.13056603774,193118.79889298894,152.32398533007333,39.34566204506066,29.965612111292966,16.809934490861618,2.5159049600000003,158.78509536082473,8.001989881956156,78.52480693069307,217.1907132352941,224.88952222222224,1.7132623208556148,12/01/2016,P6
10.0,10.0,1100.0,11000.0,20.0,0.8,40.0,1.62,0.05,50.0,8.06,50.0,8.0,242.0,0.02,19/04/2016,P1
10.0,10.0,1300.0,2300.0,20.0,0.6,36.0,1.53,0.05,50.0,7.77,50.0,12.0,338.0,0.02,19/04/2016,P2
10.0,10.0,7000.0,11000.0,20.0,0.7,37.0,1.49,0.04,50.0,7.65,50.0,9.0,277.0,0.02,19/04/2016,P3
10.0,10.0,1300.0,4600.0,20.0,1.0,27.0,2.34,0.08,50.0,7.53,50.0,42.0,359.0,0.02,19/04/2016,P4
10.0,10.0,1300.0,4900.0,20.0,0.75,26.0,1.62,0.05,50.0,7.66,50.0,8.0,273.0,0.02,19/04/2016,P5
10.0,10.0,790.0,1100.0,20.0,1.58,25.0,0.21,0.01,50.0,7.5,50.0,6.0,550.0,0.04,19/04/2016,P6
10.0,10.0,680.0,1700.0,20.0,0.0,31.0,0.4,0.02,50.0,8.23,50.0,332.08000000000004,17.93,0.02,19/07/2016,P1
10.0,10.0,610.0,1200.0,20.0,0.0,25.0,0.34,0.03,50.0,8.28,50.0,338.48,16.662799999999997,0.03,19/07/2016,P2
10.0,10.0,450.0,450.0,20.0,0.0,30.0,0.32,0.02,50.0,8.45,50.0,348.48,17.98,0.03,19/07/2016,P3
10.0,10.0,680.0,930.0,20.0,0.0,25.0,0.41,0.03,50.0,8.37,50.0,338.48,16.662799999999997,0.05,19/07/2016,P4
10.0,10.0,450.0,450.0,20.0,0.0,27.0,0.4,0.04,50.0,8.31,50.0,348.48,17.276,0.03,19/07/2016,P5
10.0,10.0,330.0,330.0,20.0,0.0,25.0,0.08,0.03,50.0,7.57,50.0,268.68,95.754,0.02,19/07/2016,P6
10.0,12.3,1100.0,1700.0,20.0,1.1,53.0,1.59,0.05,50.0,8.39,50.0,6.0,393.0,0.02,11/10/2016,P1
10.0,10.1,2300.0,2300.0,20.0,1.35,45.0,1.28,0.09,50.0,8.3,50.0,6.0,381.0,0.02,11/10/2016,P2
10.0,10.0,400.0,2200.0,20.0,1.2,21.0,1.18,0.07,50.0,8.38,50.0,6.0,376.0,0.02,11/10/2016,P3
10.0,10.0,1300.0,1300.0,20.0,1.0,29.0,0.88,0.05,50.0,8.4,50.0,6.0,387.0,0.02,11/10/2016,P4
10.0,10.4,1700.0,7900.0,20.0,1.4,27.0,1.47,0.09,50.0,8.3,50.0,6.0,382.0,0.02,11/10/2016,P5
10.0,10.0,79.0,130.0,20.0,0.33,46.0,0.39,0.05,50.0,7.67,50.0,6.0,556.0,0.03,11/10/2016,P6
10.0,12.9,13000.0,33000.0,20.0,2.55,78.0,6.68,0.35,50.0,7.75,50.0,473.2264,20.816399999999998,0.03,10/01/2017,P1
10.0,13.2,110000.0,110000.0,20.0,2.6,50.0,8.12,0.34,50.0,7.71,50.0,372.48,18.509999999999998,0.03,10/01/2017,P2
10.0,15.3,70000.0,110000.0,20.0,2.6,55.0,10.81,0.35,50.0,7.73,50.0,372.48,18.509999999999998,0.04,10/01/2017,P3
10.0,17.2,33000.0,110000.0,20.0,2.8,59.0,11.31,0.44,50.0,7.77,50.0,413.0,18.3812,0.06,10/01/2017,P4
10.0,13.5,13000.0,13000.0,20.0,2.55,31.0,8.68,0.34,50.0,7.74,50.0,453.4,17.1792,0.03,10/01/2017,P5
10.0,10.0,330.0,330.0,20.0,0.4,25.0,0.4,0.01,50.0,8.03,50.0,268.68,95.754,0.02,10/01/2017,P6
10.0,10.0,790.0,3500.0,20.0,0.7,34.0,1.86,0.08,50.0,8.17,50.0,7.0,271.0,0.04,18/04/2017,P1
10.0,10.0,490.0,490.0,20.0,0.25,31.0,1.91,0.11,50.0,8.12,50.0,10.0,271.0,0.02,18/04/2017,P2
10.0,10.0,230.0,230.0,20.0,0.4,31.0,1.67,0.09,50.0,8.1,50.0,11.0,297.0,0.02,18/04/2017,P3
10.0,10.0,490.0,490.0,20.0,0.15,33.0,2.53,0.11,50.0,8.16,50.0,20.0,329.0,0.02,18/04/2017,P4
10.0,10.0,1300.0,2400.0,20.0,0.3,41.0,0.25,0.11,50.0,8.03,50.0,18.0,294.0,0.03,18/04/2017,P5
10.0,10.0,490.0,790.0,20.0,0.03,35.0,0.61,0.04,50.0,8.1,50.0,4.0,502.0,0.02,18/04/2017,P6
10.0,11.8,2180.0,16400.0,20.0,0.5,25.0,0.35,0.03,50.0,7.69,50.0,2.4,330.8,0.03,18/07/2017,P1
10.0,10.0,1482.0,4202.0,20.0,0.55,25.0,0.33,0.05,50.0,7.64,50.0,6.2,421.6,0.03,18/07/2017,P2
10.0,10.0,1482.0,4202.0,20.0,0.6,25.0,0.28,0.04,50.0,7.78,50.0,5.0,421.6,0.04,18/07/2017,P3
10.0,10.0,1704.0,4424.0,20.0,0.5,25.0,0.19,0.05,50.0,7.84,50.0,6.2,421.6,0.04,18/07/2017,P4
10.0,10.0,1464.0,4184.0,20.0,0.6,25.0,0.16,0.01,50.0,7.74,50.0,5.0,421.6,0.02,18/07/2017,P5
10.0,10.0,896.0,11336.0,20.0,0.7,25.0,0.33,0.05,50.0,7.87,50.0,3.8,404.4,0.03,18/07/2017,P6
10.0,10.0,450.0,1100.0,20.0,1.0,25.0,0.31,0.03,50.0,8.05,50.0,6.0,442.0,0.29,17/10/2017,P1
10.0,10.0,200.0,200.0,20.0,0.85,25.0,0.18,0.1,50.0,7.89,50.0,7.0,455.0,0.04,17/10/2017,P2
10.0,10.0,780.0,1100.0,20.0,0.38,27.0,0.18,0.04,50.0,8.03,50.0,6.0,459.0,0.08,17/10/2017,P3
10.0,10.0,1400.0,1400.0,20.0,0.4,25.0,0.31,0.02,50.0,8.08,50.0,6.0,482.0,0.07,17/10/2017,P4
10.0,10.0,780.0,780.0,20.0,0.6,25.0,0.27,0.09,50.0,7.82,50.0,6.0,445.0,0.02,17/10/2017,P5
10.0,10.0,490.0,5400.0,20.0,0.5,25.0,0.19,0.07,50.0,7.13,50.0,6.0,510.0,0.03,17/10/2017,P6
10.0,11.6,2200.0,4900.0,20.0,0.6,35.0,1.44,0.08,50.0,8.1,50.0,9.0,324.0,0.09,09/01/2018,P1
10.0,10.0,4900.0,7000.0,20.0,0.7,28.0,1.29,0.11,50.0,7.96,50.0,8.0,344.0,0.08,09/01/2018,P2
10.0,10.0,680.0,3300.0,20.0,0.5,25.0,1.44,0.15,50.0,8.08,50.0,11.0,383.0,0.04,09/01/2018,P3
10.0,14.4,3300.0,13000.0,20.0,0.6,25.0,1.56,0.08,50.0,8.14,50.0,22.0,411.0,0.08,09/01/2018,P4
10.0,10.0,790.0,3300.0,20.0,0.65,29.0,1.44,0.1,50.0,8.08,50.0,17.0,367.0,0.11,09/01/2018,P5
10.0,10.0,1300.0,1300.0,20.0,0.18,25.0,0.48,0.02,50.0,8.1,50.0,8.0,549.0,0.07,09/01/2018,P6
10.0,19.0,3300.0,3300.0,20.0,3.4,79.0,8.66,0.26,50.0,7.12,50.0,230.0,515.0,0.08,03/04/2018,P1
10.0,18.7,17000.0,17000.0,20.0,3.05,72.0,8.37,0.26,50.0,7.22,50.0,198.0,496.0,0.05,03/04/2018,P2
10.0,14.3,4900.0,4900.0,20.5,2.8,74.0,8.4,0.24,50.0,7.23,50.0,180.0,501.0,0.05,03/04/2018,P3
10.0,21.8,1300.0,1700.0,20.0,3.53,90.0,13.08,0.31,50.0,7.35,50.0,290.0,571.0,0.08,03/04/2018,P4
10.0,14.5,13000.0,13000.0,20.0,3.1,79.0,9.01,0.25,50.0,7.33,50.0,198.0,510.0,0.05,03/04/2018,P5
10.0,10.0,2200.0,2200.0,20.0,0.3,25.0,1.16,0.02,50.0,7.7,50.0,15.0,417.0,0.04,03/04/2018,P6
10.0,10.0,330.0,490.0,20.0,1.0,25.0,0.34,0.04,50.0,8.34,50.0,268.68,97.15400000000001,0.02,17/07/2018,P1
10.0,10.0,220.0,490.0,20.0,1.0,25.0,0.3,0.04,50.0,8.4,50.0,348.48,16.662799999999997,0.02,17/07/2018,P2
10.0,10.0,490.0,490.0,20.0,1.0,25.0,0.07,0.02,50.0,8.47,50.0,147.07999999999998,130.57,0.02,17/07/2018,P3
10.0,10.0,2200.0,2200.0,20.0,1.0,25.0,0.08,0.03,50.0,8.49,50.0,270.48,96.95400000000001,0.02,17/07/2018,P4
10.0,10.0,1100.0,1100.0,20.0,1.0,25.0,0.09,0.03,50.0,8.39,50.0,348.48,16.662799999999997,0.02,17/07/2018,P5
10.0,10.0,330.0,1300.0,20.0,1.0,25.0,0.1,0.02,50.0,8.1,50.0,268.68,97.954,0.02,17/07/2018,P6
10.0,10.0,1700.0,1700.0,20.0,1.95,26.0,0.6,0.09,50.0,8.7,50.0,18.0,517.0,0.02,30/10/2018,P1
10.0,10.0,3500.0,3500.0,20.0,2.2,25.0,0.85,0.23,50.0,8.38,50.0,31.0,532.0,0.02,30/10/2018,P2
10.0,20.0,5400.0,5400.0,10.0,1.95,25.0,0.51,0.09,50.0,8.94,50.0,19.0,514.0,0.02,30/10/2018,P3
10.0,20.0,5400.0,9200.0,10.0,2.3,25.0,0.72,0.09,50.0,8.92,50.0,22.0,536.0,0.02,30/10/2018,P4
10.0,20.0,79.0,79.0,10.0,1.6,25.0,0.76,0.18,50.0,8.57,50.0,27.0,531.0,0.02,30/10/2018,P5
10.0,20.0,1700.0,3500.0,10.0,0.4,25.0,0.07,0.74,50.0,7.58,50.0,6.0,571.0,0.02,30/10/2018,P6
10.0,10.0,450.0,450.0,20.0,1.35,25.0,0.28,0.07,50.0,8.41,50.0,348.48,16.662799999999997,0.03,22/01/2019,P1
10.0,10.0,450.0,780.0,20.0,0.85,25.0,0.32,0.11,50.0,8.22,50.0,348.48,16.662799999999997,0.06,22/01/2019,P2
10.0,38.65,2000.0,2000.0,21.91,1.03,25.0,0.84,0.06,50.0,8.45,50.0,305.48,16.492,0.04,22/01/2019,P3
10.0,10.0,3500.0,5400.0,20.0,1.1,25.0,0.2,0.06,50.0,7.76,50.0,348.48,16.662799999999997,0.02,22/01/2019,P5
10.0,10.0,2000.0,2000.0,20.0,0.2,25.0,0.12,0.02,50.0,8.44,50.0,305.48,16.492,0.02,22/01/2019,P6
10.0,23.84,13000.0,22000.0,20.0,4.0,64.0,13.78,0.23,50.0,8.17,50.0,113.0,459.0,0.05,23/04/2019,P1
10.0,34.5,11000.0,11000.0,20.0,4.0,69.0,14.28,0.26,50.0,8.1,50.0,176.0,476.0,0.05,23/04/2019,P2
10.0,73.67,33000.0,33000.0,20.0,4.0,64.0,12.88,0.22,50.0,8.18,50.0,120.0,461.0,0.14,23/04/2019,P3
10.0,32.4,49000.0,49000.0,21.47,3.0,64.0,13.89,0.26,50.0,8.13,50.0,194.0,514.0,0.11,23/04/2019,P4
10.0,10.0,490.0,3500.0,20.0,0.2,25.0,0.2,0.21,50.0,8.09,50.0,6.0,549.0,0.04,23/04/2019,P5
10.0,28.78,7800.0,17000.0,20.0,4.0,69.0,14.47,0.26,50.0,8.09,50.0,177.0,472.0,0.08,23/04/2019,P6
10.0,14.34,700.0,1100.0,20.0,1.75,25.0,0.23,0.02,50.0,8.33,50.0,348.48,16.662799999999997,0.03,27/08/2019,P1
10.0,14.25,230.0,490.0,20.0,2.25,25.0,0.24,0.03,50.0,8.27,50.0,348.48,17.4008,0.07,27/08/2019,P2
10.0,11.03,490.0,1700.0,20.0,2.0,25.0,0.33,0.04,50.0,8.23,50.0,332.08000000000004,17.93,0.02,27/08/2019,P3
10.0,10.0,16000.0,16000.0,20.0,1.85,25.0,0.13,0.02,50.0,8.37,50.0,348.48,17.276,0.02,27/08/2019,P4
10.0,10.0,3500.0,5400.0,20.0,1.95,25.0,0.18,0.02,50.0,8.42,50.0,348.48,17.400799999999997,0.02,27/08/2019,P5
10.0,10.0,23.0,23.0,20.0,2.2,25.0,1.62,0.05,50.0,7.41,50.0,55.08,282.2348,0.02,27/08/2019,P6
10.0,10.0,17000.0,27000.0,20.0,2.8,59.0,2.48,0.05,50.0,8.04,50.0,12.0,306.0,0.1,22/10/2019,P1
10.0,10.0,2000.0,9100.0,20.0,1.3,40.0,2.57,0.07,50.0,8.13,50.0,30.0,302.0,0.04,22/10/2019,P2
10.0,10.0,2000.0,4500.0,20.0,1.4,58.0,2.66,0.07,50.0,8.11,50.0,11.0,300.0,0.05,22/10/2019,P3
10.0,10.0,23000.0,33000.0,20.0,1.25,62.0,4.02,0.12,50.0,8.12,50.0,40.0,383.0,0.1,22/10/2019,P4
10.0,10.0,4900.0,4900.0,20.0,1.1,51.0,2.59,0.07,50.0,8.14,50.0,6.0,309.0,0.05,22/10/2019,P5
10.0,10.0,1100.0,2700.0,20.0,0.4,25.0,0.35,0.01,50.0,7.93,50.0,6.0,420.0,0.05,22/10/2019,P6
10.0,10.0,2120.0,4500.0,20.0,1.75,25.0,0.91465,0.050798,50.0,8.39,50.0,6.0,359.0,0.19525,09/07/2020,P1
10.0,10.0,2300.0,2300.0,20.0,1.9,25.0,1.012,0.075801,50.0,8.29,50.0,6.0,371.0,0.08514,09/07/2020,P2
10.0,10.0,11000.0,14000.0,20.0,1.9,28.0,0.85118,0.05995,50.0,8.47,50.0,7.0,384.0,0.064735,09/07/2020,P3
10.0,10.0,2000.0,22000.0,20.0,1.7,23.0,1.4212,0.070543,50.0,8.44,50.0,12.0,408.0,0.046365,09/07/2020,P4
10.0,10.0,1700.0,13000.0,20.0,1.75,35.0,0.92257,0.071544,50.0,8.4,50.0,11.0,368.0,0.034958,09/07/2020,P5
10.0,10.0,330.0,1400.0,20.0,1.1,25.0,0.15411,0.01004,50.0,8.17,50.0,6.0,464.0,0.02,09/07/2020,P6
35.9,59.36,11000000.0,11000000.0,1.274,1.275,47.678,165.22,52.96,2.628,6.45,54.1,386.0,35.161,0.17765999999999998,24/09/2001,LN1
8.2,129.03000000000003,887426.0,3253200.0,698.0,26.93,56.448,0.18,63.7,1.751,5.48,174.1,395.0,34.886,2.7800000000000002,22/10/2001,LN1
0.5,58.0,337800.0,1299560.0,542.7,27.125,57.851,0.29,84.6,1.332,6.03,28.57,1.265,34.08,0.64,11/03/2002,LN1
12.402000000000001,166.80599999999998,170000.0,1300000.0,341.6,10.9,21.213,1.5,1.85,520.2,6.21,82.9,392.0,13.368,0.792,06/11/2002,LN1
180.95999999999998,94.44000000000001,377400.0,1389160.0,745.7,136.13,35.62220000000001,1.9,46.112,1.793,6.84,181.569,1.828,36.016,4.726,04/12/2002,LN1
10.0,10.36,17000.0,110000.0,1.02,43.774,19.4572,2.55,0.036,50.0,6.76,50.0,833.0,25.884,0.030000000000000006,31/03/2003,LN1
10.52,150.804,9000.0,2200000.0,639.0,22.25,41.819,2.0,36.4,786.8,6.86,80.622,816.0,21.864,1.6480000000000001,28/04/2003,LN1
8.1,54.132000000000005,2.0,9000.0,402.4,29.75,28.6716,4.0,19.061999999999998,1.348,6.94,45.714,1.136,31.514,0.2468,23/07/2003,LN1
0.5,163.07399999999998,2.0,90000.0,544.0,26.0,52.406,2.87,50.6,1.638,6.47,1.049,2.085,31.364,1.2799999999999998,24/09/2003,LN1
482.8,164.94199999999998,2400.0,8000.0,625.4,30.0,35.529,10.882,33.5,1.312,6.882,501.4,1.2,26.024,1.27,08/12/2003,LN1
382.4,46.582,2.0,16000.0,510.0,31.75,54.727,12.874,38.3,1.729,6.68,1.026,2.857,32.856,1.276,08/12/2003,LN1
3.3,59.36,2.0,50000.0,264.8,39.0,54.388,39.449,45.9,1.319,6.68,312.8,2.345,32.644,0.17765999999999998,16/02/2004,LN1
58.8,77.4,1600000.0,1600000.0,183.9,23.25,53.519,54.0,2.92,438.2,7.84,1.54,756.0,19.272,7.54,11/10/2004,LN1
14.4,164.69,50000.0,170000.0,128.3,6.15,9.807,49.628,4.66,384.0,7.287999999999999,240.0,672.0,10.308,2.426,02/05/2005,LN1
0.5,47.66,500000.0,900000.0,83.2,231.55499999999998,2.549,35.3038,0.2,106.1,8.14,109.1,64.0,8.194,0.14314000000000002,12/10/2005,LN1
10.0,28.198,3134.4,124392.0,160.81599999999997,310.0,2.3438,6.480000000000001,0.534,209.09,8.474,55.839999999999996,183.6,6.8386,0.534,26/10/2005,LN1
19.4,144.642,130000.0,240000.0,191.6,10.4,17.087,6.692,3.12,416.0,7.65,418.0,1.004,15.6,0.45,11/01/2006,LN1
64.4,90.2,8000.0,50000.0,80.6,3.05,4.753,11.37,0.47,259.2,8.09,218.6,318.68,14.1368,4.49,03/04/2006,LN1
15.8,73.6,790.0,2400.0,204.4,3.025,6.535,0.09,0.5,359.8,8.3,311.2,124.0,10.682,1.82,28/06/2006,LN1
19.0,54.6,920000.0,1.6,116.1,117.5,2.072,3.66,0.42,269.8,8.4,133.2,384.4,12.608800000000002,0.94,25/09/2006,LN1
8.1,70.54599999999999,284040.32,187480.32,286.694,580.0,2.628,14.008000000000001,2.338,316.236,8.098,112.40799999999999,113.2,9.665000000000001,0.818,11/10/2006,LN1
26.0,120.2,1300000.0,2400000.0,231.8,12.75,16.731,38.34,3.84,343.0,7.62,176.2,1.384,14.898,2.55,03/01/2007,LN1
16.4,68.4,2000.0,22000.0,163.2,12.125,22.112,64.14,3.47,394.4,7.27,144.2,293.08000000000004,17.5028,2.55,28/03/2007,LN1
32.8,55.2,7800.0,13000.0,172.6,15.25,21.401,80.12,1.05,601.4,7.65,267.2,1.39,17.226,3.16,09/07/2007,LN1
43.8,54.6,1.8,14000.0,184.6,19.375,24.555,94.08,9.96,845.2,7.4,258.6,443.2,18.4132,2.92,17/09/2007,LN1
19.8,25.5,350000.0,350000.0,185.8,14.875,20.213,67.04,2.98,504.8,8.46,358.8,744.0,17.037,2.29,12/12/2007,LN1
16.6,36.8,5400000.0,17000000.0,134.2,6.0,9.805,15.01,1.48,301.8,8.1,101.0,343.68,14.624799999999999,0.95,12/03/2008,LN1
25.4,64.4,240000.0,350000.0,300.0,14.25,18.39,68.12,11.17,507.4,7.47,217.4,1.127,15.476,2.58,11/06/2008,LN1
20.8,43.9,4000.0,22000.0,223.4,4.6,7.466,19.69,1.9,359.2,8.01,178.8,318.68,14.1368,1.68,10/09/2008,LN1
13.5,45.2,1700.0,1.6,177.16,1.625,4.51,9.07,0.63,342.4,8.38,120.74,72.0,10.118,1.1,22/10/2008,LN1
14.0,41.12,140000.0,790000.0,111.14,2.55,5.029,13.56,2.22,228.0,8.09,150.8,318.68,14.1368,0.57,12/01/2009,LN1
6.7,29.0,2300.0,70000.0,82.8,3.525,7.143,8.05,0.68,170.6,8.33,77.3,284.0,11.444,332.0,06/04/2009,LN1
9.4,25.6,2200.0,5400.0,163.2,1.65,3.346,3.95,0.33,285.2,8.24,113.8,318.68,14.1368,0.51,24/06/2009,LN1
38.6,137.0,110000.0,110000.0,843.6,28.53,49.416,190.54,23.56,1.15,5.78,375.8,372.48,18.509999999999998,9.44,24/06/2009,LN2
14.2,26.2,20.0,35000.0,157.2,231.55499999999998,3.118,3.76,0.22,408.8,8.35,120.6,26.0,9.292,0.53,05/10/2009,LN1
63.6,117.4,1.8,2300.0,347.8,26.93,77.186,341.5,36.1,1.549,5.82,600.0,134.0,41.364,12.59,05/10/2009,LN2
13.8,31.8,1200.0,35000.0,182.0,2.265,9.124199999999998,3.74,0.56,313.6,8.02,146.6,263.28000000000003,14.782,0.45,28/12/2009,LN1
52.8,140.4,200.0,23000.0,663.8,26.93,64.202,309.4,28.84,1.117,5.7,603.6,524.2,21.753999999999998,11.88,28/12/2009,LN2
1.632,2.414,2600.0,2600.0,203.8,200.0,2.495,4.55,0.34,407.6,8.3,136.0,130.0,9.026,0.51,03/02/2010,LN1
79.6,196.0,1.8,1.8,466.8,26.93,76.437,394.0,35.6,1.501,5.7,670.4,316.0,44.908,19.96,03/02/2010,LN2
11.6,29.0,230.0,4600.0,50.0,161.0,2.016,3.7,0.9,333.6,8.32,106.8,107.0,8.141,0.31,10/08/2010,LN1
43.4,106.2,54000.0,54000.0,261.0,31.5,54.545,235.4,3.138,970.4,6.05,424.4,2.07,31.159,5.83,10/08/2010,LN2
20.0,48.8,220.0,1700.0,193.2,146.0,2.082,4.1,0.31,353.6,8.27,181.2,334.2,2752.097,0.46,06/12/2010,LN1
39.8,138.6,92000.0,92000.0,253.8,34.0,49.402,160.2,15.52,884.8,6.8,493.8,524.2,21.753999999999998,6.67,06/12/2010,LN2
20.0,32.8,490.0,35000.0,50.0,105.0,1.085,2.81,0.63,182.6,8.32,100.0,24.0,5.005,0.12,23/03/2011,LN1
20.2,74.6,540000.0,920000.0,150.0,13.375,16.865,43.24,4.14,287.8,7.66,262.4,1.055,14.57,1.89,23/03/2011,LN2
20.0,20.0,45.0,17000.0,191.6,145.0,1.957,3.99,0.35,242.0,8.41,100.0,239.4,891.516,0.27,22/06/2011,LN1
20.0,57.0,33000.0,79000.0,292.3,8.7,15.267,22.16,1.68,537.6,7.63,100.0,308.88,16.079600000000003,1.1,22/06/2011,LN2
273.7,33.57,13000.0,22000.0,74.8,138.0,807.0,22.06,0.88,169.6,8.44,206.7,48.0,4.576,27.33,05/10/2011,LN1
21.1,61.1,33000.0,79000.0,176.6,5.848,9.363,18.55,1.17,181.6,8.31,148.8,308.0,12.068,7.44,05/10/2011,LN2
20.0,4.0,2100.0,49000.0,31.7,46.0,390.0,2.74,0.8,67.1,8.32,100.0,305.2,890.5459999999999,0.08,20/12/2011,LN1
23.2,8.7,1.6,1.6,318.0,15.695,19.483,73.04,8.62,244.1,6.98,243.9,171.73899999999998,17.1924,2.41,20/12/2011,LN2
20.0,38.8,1.6,1.6,121.4,86.0,1.638,3.11,0.37,185.2,8.34,100.0,50.0,6.104,0.17,09/04/2012,LN1
30.6,150.0,33000.0,54000.0,326.0,29.68,41.714,98.34,10.48,424.0,8.39,333.2,525.0,25.905,1.42,09/04/2012,LN2
20.0,23.4,11000.0,11000.0,203.0,101.0,2.515,4.27,0.29,281.3,8.32,100.0,386.6,12.431999999999999,0.23,26/06/2012,LN1
20.0,86.9,140000.0,140000.0,473.0,15.84,18.762,62.3,2.67,401.5,7.44,194.8,443.2,17.546,2.16,26/06/2012,LN2
20.0,21.2,54000.0,54000.0,250.6,116.0,1.792,3.17,0.2,349.3,8.79,100.0,29.0,7.788,0.33,27/09/2012,LN1
20.0,8.8,13000.0,13000.0,486.2,116.63499999999999,5.95,11.41,0.19,388.3,8.36,100.0,304.0,12.84,0.09,27/09/2012,LN2
20.0,20.7,2400.0,3500.0,172.6,117.59,1.644,3.14,1.05,267.0,8.77,100.0,389.4,14.1368,0.25,04/12/2012,LN1
20.0,57.2,350000.0,920000.0,790.9,28.53,48.603,135.36,10.98,618.8,7.01,100.0,430.2,16.7732,3.17,04/12/2012,LN2
20.0,19.0,200.0,13000.0,203.8,95.0,1.946,3.88,0.36,321.0,9.01,100.0,78.0,7.016,0.24,19/03/2013,LN1
20.0,40.0,7900.0,14000.0,506.0,21.75,28.261,64.12,4.01,523.6,8.3,100.0,620.0,21.764,2.45,19/03/2013,LN2_SB
20.0,29.7,3300.0,3300.0,442.2,7.670000000000002,16.622,56.49,0.64,426.8,8.49,100.0,315.0,17.145,1.45,19/03/2013,LN2_CB
10.86,128.748,4900.0,7900.0,39.7012,32.0,38.244,42.056,4.35,289.698,7.61,76.22200000000001,810.0,27.48,2.004,16/04/2013,LN2_SB
16.9,105.146,240000.0,920000.0,476.84799999999996,13.25,21.521,43.3162,2.874,325.978,8.17,73.28999999999999,1.17,20.12,1.65228,16/04/2013,LN2_CB
15.76,102.266,22000.0,92000.0,451.7732,24.25,34.041,48.8832,21.63,281.103,7.52,64.604,1.965,22.03,2.72404,10/05/2013,LN2_SB
10.959999999999999,173.57199999999997,4900.0,49000.0,439.31720000000007,18.25,23.472,70.186,4.798,425.938,7.81,90.422,800.0,19.4,3.354,10/05/2013,LN2_CB
10.0,60.5,78.0,92000.0,193.1,100.0,1.631,3.02,0.29,319.8,8.39,50.0,410.6,14.2792,0.23,20/06/2013,LN1
10.0,88.3,54000.0,54000.0,446.3,25.0,64.248,72.38,3.19,426.5,7.52,50.0,524.2,21.753999999999998,2.38,20/06/2013,LN2_CB
10.0,126.2,11000.0,110000.0,537.4,32.5,43.498,99.17,7.93,539.7,7.31,50.0,443.2,18.4132,3.69,20/06/2013,LN2_SB
10.86,33.54,4900.0,7900.0,30.665200000000006,31.5,45.028,35.91582000000001,2.976,170.57999999999998,7.43,59.8,864.0,27.564,1.70226,23/07/2013,LN2_SB
17.759999999999998,112.066,1700.0,3500.0,602.9332,20.0,26.266,59.952,5.168,435.87659999999994,7.79,83.09,1.436,20.716,3.27628,23/07/2013,LN2_CB
10.0,4.0,33.0,3500.0,251.0,108.0,1.789,3.25,0.21,50.0,8.94,50.0,20.0,7.824,0.32,11/09/2013,LN1
10.0,4.0,4900.0,4900.0,20.0,16.5,17.594,55.11,1.11,50.0,8.3,50.0,464.0,19.756,1.88,11/09/2013,LN2_SB
10.0,4.0,54000.0,170000.0,20.0,14.25,16.432,25.11,0.46,50.0,8.37,50.0,280.0,18.26,0.88,11/09/2013,LN2_CB
10.1,37.78,26000.0,170000.0,298.82,7.3,17.942,27.8902,1.1320000000000001,196.07999999999998,7.6,64.2,545.0,16.192,1.0762800000000001,21/10/2013,LN2_SB
10.1,37.78,240000.0,350000.0,298.82,2.3,7.834,27.8902,1.132,196.08,7.71,64.2,670.0,6.824,1.0762800000000001,21/10/2013,LN2_CB
10.52,35.120000000000005,4900.0,110000.0,352.38,230.49499999999998,3.487,19.954,1.3179999999999998,295.06,8.31,64.2,980.0,6.496,1.1500000000000001,24/10/2013,LN1
10.1,49.995999999999995,2400000.0,5400000.0,391.158,9.75,19.242,28.708199999999998,1.198,288.732,7.39,64.2,400.0,17.072,1.27028,20/01/2014,LN2_SB
10.1,37.78,2400000.0,3500000.0,298.82,6.2,12.8,27.9142,1.1320000000000001,196.08,7.82,64.2,914.0,16.004,1.08028,20/01/2014,LN2_CB
12.1,4.0,4520.0,48800.0,248.1,98.0,1.863,3.09,0.3,374.6,8.31,50.0,286.6,979.4592,0.28,31/01/2014,LN1
10.5,8.3,40200.0,172340.0,563.2,8.9,17.232,28.49,3.27,353.7,7.49,121.0,312.0,20.7656,2.19,31/01/2014,LN2_CB
14.3,44.6,15440.0,38120.0,1.226,26.0,35.984,129.36,11.51,652.9,7.06,99.0,163.345,24.4396,8.15,31/01/2014,LN2_SB
10.86,51.86,45000.0,78000.0,186.80519999999999,10.74,37.54,43.967020000000005,2.328,161.4786,7.31,59.8,1.03,25.774,1.7663,11/04/2014,LN2_SB
10.1,37.78,45000.0,68000.0,298.82,17.0,20.715,27.8902,1.132,196.08,7.56,64.2,690.0,18.72,1.07628,11/04/2014,LN2_CB
10.0,10.0,200.0,14000.0,20.0,98.0,1.626,2.85,0.39,50.0,8.69,50.0,39.0,6.505,0.28,29/04/2014,LN1
10.0,10.0,79000.0,110000.0,609.4,28.5,36.248,115.1,9.36,514.8,8.41,50.0,1.28,24.78,4.16,29/04/2014,LN2_SB
10.0,10.0,7000.0,350000.0,20.0,9.5,18.626,275.66,5.0,50.0,8.34,118.6,500.0,16.235,20.0,29/04/2014,LN2_CB
39.99999999999999,116.34,371240.0,375800.0,478.28000000000003,49.0,84.56,157.304,14.806000000000001,350.3534,6.88,304.948,760.0,32.464,7.581999999999999,24/06/2014,LN2_SB
23.5,40.36,254026.68000000002,396200.32,170.5652,20.5,29.015,85.53200000000001,7.307999999999998,528.28,7.49,220.9,752.0,20.58,3.664,24/06/2014,LN2_CB
10.0,13.6,1.8,14000.0,126.9,113.0,1.894,2.29,0.22,208.6,8.41,50.0,438.0,16.3572,0.15,15/07/2014,LN1
10.0,24.9,7900.0,13000.0,210.5,33.5,38.28,24.51,1.04,247.5,7.49,52.3,443.2,18.4132,1.13,15/07/2014,LN2_SB
10.0,13.3,2300.0,4600.0,307.1,13.0,18.865,31.34,0.45,250.5,7.67,61.4,293.08000000000004,17.546,0.66,15/07/2014,LN2_CB
10.86,51.86,920000.0,1.6,50.8052,15.0,58.199,52.12522,2.332,171.11999999999998,8.13,59.8,920.0,19.365,1.7663,05/08/2014,LN2_SB
10.1,37.78,170000.0,1.6,298.82,10.25,16.845,27.9142,1.1320000000000001,196.07999999999998,8.21,64.2,375.0,17.945,1.08028,05/08/2014,LN2_CB
10.1,143.524,920000.0,1600000.0,259.73400000000004,13.25,27.329,31.0002,1.414,323.55,7.76,80.622,544.6,19.06,1.03028,26/08/2014,LN2_SB
16.9,219.36999999999998,240000.0,920000.0,577.342,11.5,16.253,49.386,3.604,536.708,7.78,89.712,360.434,17.305,2.1719999999999997,26/08/2014,LN2_CB
10.86,51.86,17000.0,49000.0,50.8052,12.75,46.154,52.12522,31.98,171.11999999999998,7.96,59.8,400.25300000000004,18.558,1.7663,09/09/2014,LN2_SB
16.9,219.36999999999998,23000.0,23000.0,577.342,9.5,15.788,49.386,3.604,536.708,7.94,89.712,360.48,16.63,2.1719999999999997,09/09/2014,LN2_CB
10.0,10.0,1.8,3300.0,201.8,103.0,1.81,3.21,0.29,347.4,8.5,50.0,12.0,7.472,0.07,07/10/2014,LN1
10.0,10.0,1300.0,3300.0,695.0,10.0,15.411,22.51,2.27,379.5,8.38,50.0,624.0,17.852,1.78,07/10/2014,LN2_SB
10.0,10.0,2300.0,2300.0,648.3,6.7,12.323,30.14,1.13,417.6,8.39,50.0,504.0,16.708,1.37,07/10/2014,LN2_CB
20.4,101.98599999999999,1.6,1.6,517.3932,17.25,27.268,74.18000000000002,6.882,484.338,7.45,121.87,1.135,18.584,3.728,11/11/2014,LN2_SB
10.1,37.78,280000.0,280000.0,298.82,10.0,15.577,27.8902,1.1320000000000001,196.08,7.43,64.2,256.0,16.724,1.07628,11/11/2014,LN2_CB
17.759999999999998,112.066,780.0,2100.0,602.9332,17.25,25.283,59.952,5.168,435.87660000000005,7.94,83.09,1.21,20.344,3.27628,09/12/2014,LN2_SB
10.1,37.78,1.8,210.0,298.82,6.9,13.015,27.9142,1.132,196.08,8.13,64.2,500.0,17.384,1.08028,09/12/2014,LN2_CB
22.68,46.38,404426.36,2170600.0,289.18,14.5,26.288,64.97999999999999,5.034000000000001,427.14,8.05,180.58,405.0,18.61,2.1399999999999997,12/01/2015,LN2_SB
16.759999999999998,51.779999999999994,3780.0,24568.0,228.14000000000001,3.473,13.4,10.1136,0.9012800000000001,254.66000000000003,8.08,99.32000000000001,355.0,15.76,0.50094,12/01/2015,LN2_CB
10.0,12.1,35000.0,160000.0,192.5,118.0,1.746,6.23,0.36,273.9,8.43,50.0,386.6,12.432,0.24,27/01/2015,LN1
10.0,31.9,13000.0,35000.0,621.5,11.25,15.757,9.75,1.03,476.3,8.1,50.0,338.48,16.7836,0.76,27/01/2015,LN2_SB
10.0,35.2,1300.0,6300.0,583.0,11.0,17.644,21.43,1.61,548.9,7.64,53.9,338.48,16.7836,0.77,27/01/2015,LN2_CB
10.52,49.620000000000005,1300.0,1300.0,380.06000000000006,135.155,5.559,20.904,1.376,342.04,8.45,64.2,74.0,13.084,1.202,10/02/2015,LN2_SB
10.52,143.40599999999998,5400.0,9200.0,416.03000000000003,117.22999999999999,7.725,20.644,1.458,373.83000000000004,8.32,64.2,120.0,12.344,1.252,10/02/2015,LN2_CB
10.1,37.78,2400.0,2400.0,298.82,8.3,15.459,27.9022,1.1320000000000001,196.08,8.4,64.2,244.0,17.94,1.08428,24/02/2015,LN2_SB
10.1,37.78,5400.0,5400.0,298.82,5.8,11.28,27.9142,1.132,196.08,8.31,64.2,144.0,16.808,1.08028,24/02/2015,LN2_CB
10.1,38.480000000000004,13000.0,13000.0,298.82,12.75,20.0,29.5942,1.198,196.08,8.27,64.2,428.0,18.816,1.07828,10/03/2015,LN2_SB
10.1,37.78,4900.0,4900.0,298.82,6.2,13.207,28.2382,1.1320000000000001,196.08,8.29,64.2,208.0,17.04,1.07628,10/03/2015,LN2_CB
19.54,104.886,1.6,1.6,536.4480000000001,8.6,14.447,57.8582,4.59,364.798,7.86,112.07000000000001,3.24,13.472,2.12828,24/03/2015,LN2_SB
13.882,74.384,920000.0,1.6,397.574,2.4,6.0,26.916000000000004,2.7619999999999996,355.818,8.4,113.74000000000001,330.0,7.904,1.654,24/03/2015,LN2_CB
10.0,10.0,1300.0,26000.0,69.3,112.0,891.0,1.76,0.82,110.0,8.63,50.0,27.0,3.796,0.14,31/03/2015,LN1
55.0,309.0,70000.0,170000.0,629.0,117.22999999999999,7.17,10.77,1.03,330.0,8.61,50.0,288.0,12.904,0.9,31/03/2015,LN2_SB
10.0,58.3,33000.0,170000.0,263.0,116.63499999999999,6.119,10.89,1.33,201.3,8.37,50.0,424.0,8.748,0.51,31/03/2015,LN2_CB
10.52,35.12,920000.0,1600000.0,352.38,230.49499999999998,4.558,19.954,1.318,295.06,8.43,64.2,143.0,12.727,1.1500000000000001,21/04/2015,LN2_SB
10.1,37.78,130000.0,240000.0,298.82,1.075,3.559,27.914200000000005,1.1400000000000001,196.08,8.36,64.2,167.0,8.163,1.08028,21/04/2015,LN2_CB
10.1,146.06599999999997,33000.0,130000.0,362.47,1.7,8.896,28.6142,1.2799999999999998,274.85,8.62,64.2,112.0,12.812,1.1802800000000002,05/05/2015,LN2_SB
10.1,37.78,46000.0,46000.0,298.82,1.575,9.639,27.9142,1.1400000000000001,196.08,8.83,64.2,148.0,11.392,1.08028,05/05/2015,LN2_CB
10.1,40.872,23000.0,23000.0,324.21200000000005,3.0,7.031,31.3322,1.48,229.17800000000003,8.01,64.2,240.0,16.2,1.1802800000000002,19/05/2015,LN2_SB
10.1,43.510000000000005,2000.0,2000.0,299.202,1.775,5.548,27.984199999999998,1.138,196.08,8.07,64.2,169.0,13.88,1.07828,19/05/2015,LN2_CB
12.041999999999998,32.18,1.8,3300.0,360.102,193.0,1.499,9.346,14.459999999999999,247.26219999999998,8.68,107.72,246.0,5.872,0.604,02/06/2015,LN1
10.1,37.78,33000.0,110000.0,298.82,1.8,6.938,27.9142,1.1320000000000001,196.08,8.49,64.2,204.0,15.6,1.08028,02/06/2015,LN2_SB
10.1,37.78,13000.0,23000.0,298.82,1.3,5.545,27.9142,1.1320000000000001,196.08,8.51,64.2,168.0,12.892,1.08028,02/06/2015,LN2_CB
15.319999999999999,110.752,1.8,1300.0,470.9219999999999,94.0,1.874,18.472,18.874,360.1126,8.43,105.39200000000001,26.0,6.992,2.408,16/06/2015,LN1
10.1,37.78,33000.0,49000.0,298.82,1.15,7.053,27.9142,1.1400000000000001,196.08,8.48,64.2,142.0,13.816,1.08028,16/06/2015,LN2_SB
12.081999999999999,46.77,11000.0,17000.0,386.89,1.095,5.905,32.2322,2.364,243.43400000000003,8.4,97.1,304.0,12.656,1.4042800000000002,16/06/2015,LN2_CB
10.0,26.4,450.0,7900.0,112.8,89.0,1.612,2.39,0.22,130.8,8.32,50.0,438.0,16.3572,0.11,07/07/2015,LN1
10.0,154.0,28000.0,110000.0,849.0,1.875,6.736,28.37,0.76,524.0,8.15,50.0,389.4,14.180000000000001,1.61,07/07/2015,LN2_SB
10.0,157.0,3300.0,3300.0,771.0,1.825,7.117,9.71,0.52,453.2,8.17,50.0,389.4,14.180000000000001,1.33,07/07/2015,LN2_CB
25.416,101.60199999999999,1546.3600000000001,3300.0,515.792,990.0,8.097,29.110000000000003,2.346,368.2646,8.33,192.93800000000002,164.0,14.468,1.2879999999999998,21/07/2015,LN2_SB
10.1,37.78,49000.0,79000.0,298.82,1.0,7.835,27.9142,1.1320000000000001,196.07999999999998,8.04,64.2,136.0,13.988,1.08028,21/07/2015,LN2_CB
10.52,38.212,17000.0,49000.0,377.77200000000005,6.6899999999999995,10.967,23.362000000000002,1.658,328.158,8.5,64.2,244.0,16.66,1.252,18/08/2015,LN2_SB
10.1,37.78,3100.0,22000.0,298.82,2.775,9.745,27.9142,1.132,196.08,8.48,64.2,612.0,16.676,1.08028,18/08/2015,LN2_CB
10.1,146.06599999999997,3100.0,79000.0,362.47,1.013,7.628,28.6142,1.28,274.85,8.56,64.2,132.0,14.512,1.18028,25/08/2015,LN2_SB
10.1,37.78,3100.0,4600.0,298.82,1.65,9.554,27.9142,1.1320000000000001,196.08,8.55,64.2,160.0,15.236,1.08028,25/08/2015,LN2_CB
10.1,146.06599999999997,17000.0,17000.0,362.46999999999997,1.263,7.441,28.6142,1.28,274.85,8.65,64.2,132.0,14.288,1.18028,08/09/2015,LN2_SB
10.1,52.28000000000001,1300.0,1300.0,326.5,1.388,7.599,29.202199999999998,1.198,243.06,8.65,64.2,188.0,18.784,1.12828,08/09/2015,LN2_CB
16.8,110.18999999999998,450.0,450.0,453.602,430.0,4.981,18.638,2.104,326.3326,9.05,109.678,64.0,13.848,0.8559999999999999,30/09/2015,LN2_SB
9.64,75.518,200.0,200.0,233.1,480.0,5.501,10.54,13.234000000000004,178.24219999999997,9.08,74.82000000000001,400.0,15.0,4.464,30/09/2015,LN2_CB
10.0,10.0,49.0,49.0,947.5,405.0,7.179,6.2,0.26,541.3,8.73,50.0,100.0,14.172,2.04,13/10/2015,LN2_SB
10.0,10.0,79.0,16000.0,239.0,95.0,2.924,3.52,0.26,391.4,8.9,50.0,120.0,7.776,0.45,13/10/2015,LN1
10.0,10.0,49.0,79.0,966.8,465.0,4.67,6.68,0.29,566.5,8.69,50.0,120.0,14.48,1.08,13/10/2015,LN2_CB
31.776,125.362,200.0,2300.0,496.912,800.0,6.005,86.112,21.968,283.21439999999996,8.58,307.758,92.0,14.112,3.518,10/11/2015,LN2_SB
10.86,51.86,310000.0,310000.0,50.8052,13.5,40.75,52.12522,2.332,171.11999999999998,8.01,59.8,275.0,19.092,1.7663,10/11/2015,LN2_CB
16.8,113.68999999999998,1700.0,17000.0,466.282,420.0,4.962,18.71,2.146,344.8526,8.61,109.678,75.0,13.716,0.836,24/11/2015,LN2_SB
10.1,37.779999999999994,680.0,680.0,298.82,3.1,9.169,27.914200000000005,1.1320000000000001,196.07999999999998,8.6,64.2,264.0,15.508,1.08028,24/11/2015,LN2_CB
10.959999999999999,44.7,3300.0,4900.0,440.20520000000005,16.75,27.926,54.044200000000004,5.168000000000001,307.0186,8.08,74.0,1.13,21.464,2.70228,08/12/2015,LN2_SB
10.86,35.06,1100.0,4600.0,39.3652,13.25,31.042,42.659400000000005,2.332,171.62,8.03,59.8,1.37,20.748,1.7131399999999999,08/12/2015,LN2_CB
10.1,37.78,450.0,2200.0,298.82,2.2,8.022,27.9142,1.132,196.08,8.63,64.2,710.0,14.704,1.08028,22/12/2015,LN2_SB
10.1,37.78,1700.0,2700.0,298.82,10.125,15.284,27.9142,1.132,196.08,8.25,64.2,600.0,19.016,1.08028,22/12/2015,LN2_CB
10.0,58.0,406.0,450.0,231.6,95.0,2.566,3.08,0.17,389.5,8.8,50.0,445.6,2754.6,0.63,12/01/2016,LN1
10.0,83.7,1700.0,7000.0,989.2,115.925,7.002,10.47,0.3,540.8,8.63,50.0,389.4,14.1368,1.31,12/01/2016,LN2_SB
10.0,123.8,3300.0,3300.0,968.3,4.85,15.989,18.93,0.6,541.3,8.55,50.0,308.88,16.0796,1.48,12/01/2016,LN2_CB
21.056,152.482,200.0,200.0,566.952,800.0,7.241,17.848000000000006,16.854000000000003,283.2548,8.25,197.75799999999998,192.0,13.748,5.412000000000001,26/01/2016,LN2_SB
10.0,19.82,200.0,680.0,35.3,2.8099999999999996,23.578,9.742199999999999,0.036000000000000004,51.04,7.89,50.0,660.0,19.172,0.05628000000000001,26/01/2016,LN2_CB
16.8,113.68999999999998,3100.0,7000.0,466.282,470.0,5.5,18.71,2.146,344.85260000000005,8.49,109.678,60.0,13.388,0.836,10/02/2016,LN2_SB
12.1,50.272000000000006,30220.0,79000.0,378.672,1.2,6.644,35.6982,1.8080000000000003,326.69800000000004,8.55,74.2,224.0,13.748,1.39428,10/02/2016,LN2_CB
10.1,40.872,3100.0,7000.0,324.212,5.1,11.132,31.3322,1.48,229.17799999999997,8.14,64.2,224.0,16.28,1.1802800000000002,23/02/2016,LN2_SB
10.0,19.82,3300.0,4900.0,35.3,7.55,30.373,9.742199999999999,0.036000000000000004,51.04,7.81,50.0,1.22,21.424,0.05628000000000001,23/02/2016,LN2_CB
10.0,19.82,1600000.0,1.6,35.3,2.0,24.336,9.770199999999999,0.04,51.04,7.98,50.0,178.0,13.924,0.054279999999999995,08/03/2016,LN2_SB
10.1,37.78,920000.0,1600000.0,298.82,7.8,18.976,27.9142,1.1320000000000001,196.08,8.26,64.2,328.0,16.016,1.08028,08/03/2016,LN2_CB
16.9,105.146,13000.0,33000.0,476.84800000000007,11.35,21.962,43.316199999999995,2.874,325.978,8.13,73.28999999999999,1.132,17.668,1.65228,22/03/2016,LN2_SB
10.1,37.78,280000.0,2200000.0,298.82,7.0,12.904,27.9142,1.1320000000000001,196.08,7.86,64.2,608.0,12.816,1.08028,22/03/2016,LN2_CB
10.1,37.78,350000.0,920000.0,298.82,1.613,4.623,27.8902,1.1320000000000001,196.08,7.42,64.2,290.0,7.56,1.07628,05/04/2016,LN2_SB
10.1,37.78,920000.0,1600000.0,298.82,1.7,4.194,27.9142,1.1320000000000001,196.08,8.03,64.2,440.0,7.39,1.08028,05/04/2016,LN2_CB
10.0,10.0,2300.0,24000.0,89.1,107.0,2.175,4.58,0.53,205.7,8.33,50.0,24.0,5.492,0.13,19/04/2016,LN1
10.0,18.7,7900.0,79000.0,282.7,370.0,2.075,3.52,0.61,193.6,8.31,50.0,128.0,5.896,0.25,19/04/2016,LN2_CB
10.0,29.7,790.0,7900.0,856.9,485.0,4.662,4.51,0.38,435.6,8.3,50.0,112.0,11.772,0.71,19/04/2016,LN2_SB
10.1,37.78,1300000.0,1300000.0,298.82,8.4,15.447,27.8902,1.132,196.08,7.58,64.2,548.0,16.7,1.07628,03/05/2016,LN2_SB
10.1,37.78,4900.0,7900.0,298.82,2.4,5.824,28.674200000000003,1.132,196.08,8.16,64.2,944.0,9.552,1.0742799999999997,03/05/2016,LN2_CB
10.1,37.78,11000.0,46000.0,298.82,7.6,17.163,27.8902,1.132,196.08,7.64,64.2,440.0,17.06,1.0762800000000001,17/05/2016,LN2_SB
10.1,37.78,780.0,3100.0,298.82,5.0,12.533,27.9142,1.1320000000000001,196.08,7.92,64.2,248.0,14.0,1.08028,17/05/2016,LN2_CB
10.1,37.78,1100.0,14000.0,298.82,6.2,12.496,27.8902,1.132,196.08,7.56,64.2,330.0,55.272,1.0762800000000001,05/07/2016,LN2_SB
10.1,40.872,1100.0,13000.0,324.212,4.0,11.446,31.3322,1.474,229.17800000000003,7.71,64.2,224.0,13.616,1.18028,05/07/2016,LN2_CB
10.0,31.5,220.0,33000.0,154.4,98.0,1.588,3.52,0.37,274.0,8.45,50.0,438.0,16.3572,0.29,19/07/2016,LN1
10.0,114.4,2300.0,49000.0,637.1,5.6,14.878,11.17,1.19,357.1,7.83,50.0,308.88,16.079600000000003,0.87,19/07/2016,LN2_SB
10.0,81.4,1300.0,2300.0,552.8,2.1,7.273,4.96,0.75,336.4,8.22,50.0,389.4,14.180000000000001,0.58,19/07/2016,LN2_CB
10.1,37.78,180.0,180.0,298.82,2.0,7.674,27.9002,1.132,196.08,8.41,64.2,296.0,3.38,1.08828,02/08/2016,LN2_CB
10.1,37.78,2200.0,110000.0,298.82,3.4,11.071,27.9142,1.1320000000000001,196.07999999999998,7.91,64.2,532.0,17.272,1.08028,02/08/2016,LN2_SB
10.1,37.78,1300.0,1300.0,298.82,7.6,16.208,28.2522,1.1320000000000001,196.08,7.92,64.2,432.0,19.304,1.07628,30/08/2016,LN2_CB
10.1,37.78,4900.0,4900.0,298.82,13.25,24.954,28.2382,1.1320000000000001,196.08,7.8,64.2,1.42,21.308,1.0762800000000001,30/08/2016,LN2_SB
12.1,29.826,750.0,1700.0,283.52,7.0,18.59,18.42138,1.138,195.04000000000002,8.01,74.2,550.0,18.19,1.04832,06/09/2016,LN2_CB
10.86,51.86,220.0,46000.0,50.8052,34.0,51.875,52.12522,2.976,171.11999999999998,7.52,59.8,850.0,26.384,1.7663,06/09/2016,LN2_SB
10.1,169.36599999999999,930.0,2200.0,535.57,2.375,8.247,38.7082,1.75,376.83000000000004,8.18,65.86,104.0,16.928,1.57828,04/10/2016,LN2_CB
10.1,37.78,4900.0,4900.0,298.82,3.25,9.04,28.2382,1.1320000000000001,196.08,8.16,64.2,250.0,16.808,1.07628,04/10/2016,LN2_SB
10.0,174.8,450.0,2600.0,169.2,98.0,1.749,3.06,0.27,283.9,8.55,50.0,0.0,5.608,0.43,11/10/2016,LN1
10.0,123.2,680.0,1100.0,872.1,5.2,11.385,50.39,1.38,516.6,8.3,50.0,404.0,17.5,2.49,11/10/2016,LN2_SB
10.0,104.4,1300.0,1300.0,921.8,4.35,11.167,36.88,1.75,486.3,8.3,58.2,544.0,17.324,2.16,11/10/2016,LN2_CB
10.1,37.78,70000.0,350000.0,298.82,1.925,9.188,27.914200000000005,1.132,196.08,8.45,64.2,144.0,12.992,1.08028,12/11/2016,LN2_CB
10.1,37.78,240000.0,920000.0,298.82,3.9,10.821,27.9142,1.1320000000000001,196.08,8.32,64.2,244.0,55.268,1.08028,12/11/2016,LN2_SB
10.1,146.06599999999997,790.0,11000.0,362.46999999999997,2.85,12.009,28.6142,1.28,274.85,8.31,64.2,122.0,15.264,1.1802800000000002,22/11/2016,LN2_CB
10.1,37.78,490.0,4900.0,298.82,3.65,11.169,27.9142,1.1320000000000001,196.08,8.31,64.2,296.0,16.112,1.08028,22/11/2016,LN2_SB
12.081999999999999,75.284,7900.0,49000.0,393.65400000000005,2.3,9.716,35.7342,2.688,312.898,8.25,97.1,332.0,15.266,1.49628,06/12/2016,LN2_CB
12.081999999999999,46.769999999999996,220.0,4900.0,386.89,3.85,11.648,32.2322,2.364,243.43400000000003,8.24,97.1,316.0,16.622,1.40428,06/12/2016,LN2_SB
10.1,46.408,130000.0,1.6,355.738,3.8,9.371,32.592200000000005,1.7399999999999998,234.15,8.22,64.2,558.0,13.058,1.3562800000000002,20/12/2016,LN2_SB
10.1,49.995999999999995,49000.0,1600000.0,391.158,1.1,5.469,28.708199999999998,1.204,288.732,8.3,64.2,408.0,10.68,1.27028,20/12/2016,LN2_CB
10.0,82.5,940.36,1300.0,158.4,135.54500000000002,2.855,5.08,0.34,284.9,8.71,50.0,166.8,102.6632,0.29,10/01/2017,LN1
10.0,126.5,930.0,2200.0,885.5,3.1,9.572,50.8,2.39,559.9,8.59,58.3,339.2,14.413599999999999,2.02,10/01/2017,LN2_SB
10.0,69.3,1700.0,2200.0,693.0,4.2,9.851,12.05,1.28,580.8,8.48,50.0,389.4,14.180000000000001,0.94,10/01/2017,LN2_CB
10.1,91.134,3100.0,11000.0,432.418,4.7,12.478,37.3942,1.9360000000000004,256.744,8.47,64.2,352.0,15.42,1.47228,24/01/2017,LN2_SB
12.1,149.646,1004.0,1300.0,372.05,1.15,5.932,20.029559999999996,1.33194,313.79,8.39,74.2,116.0,11.456,1.2132200000000002,24/01/2017,LN2_CB
10.1,37.78,1600000.0,1600000.0,298.82,5.0,12.536,27.9142,1.1320000000000001,196.08,8.19,64.2,252.0,16.148,1.08028,07/02/2017,LN2_SB
10.1,146.06599999999997,7900.0,7900.0,362.46999999999997,1.06,6.406,28.6142,1.28,274.85,8.23,64.2,96.0,12.896,1.1802800000000002,07/02/2017,LN2_CB
10.1,49.995999999999995,130000.0,240000.0,391.158,6.8,12.209,28.708199999999998,1.204,288.732,8.02,64.2,405.0,12.735,1.27028,21/02/2017,LN2_SB
10.1,146.06599999999997,450.0,4900.0,362.47,1.0,5.353,28.6142,1.28,274.85,8.3,64.2,102.0,16.99,1.1802800000000002,21/02/2017,LN2_CB
10.1,19.48,1600000.0,1.6,143.94,14.0,27.83,15.402199999999999,0.6839999999999999,111.78,7.68,64.2,960.0,19.804,0.48628,07/03/2017,LN2_SB
16.8,113.68999999999998,3300.0,7900.0,437.98199999999997,520.0,3.748,19.126,2.1460000000000004,304.9926,8.16,109.678,88.0,9.128,0.836,07/03/2017,LN2_CB
10.959999999999999,53.02,540000.0,540000.0,302.8852,20.25,27.998,60.77940000000001,3.4260000000000006,316.66,7.23,74.0,636.0,20.056,2.7351400000000003,21/03/2017,LN2_SB
10.1,40.872,1600000.0,1.6,324.212,5.2,9.137,31.3322,1.474,229.17800000000003,7.46,64.2,212.0,9.984,1.18028,21/03/2017,LN2_CB
10.0,25.2,79000.0,540000.0,33.0,100.0,779.0,4.7,0.53,57.8,8.3,50.0,354.0,2.469,0.07,28/03/2017,LN1_P1
10.0,17.9,3300.0,22000.0,20.0,41.0,407.0,2.81,0.2,55.2,8.37,50.0,120.0,2.164,0.04,28/03/2017,LN1_P2
10.0,47.5,700.0,16000.0,50.3,100.0,807.0,4.13,1.14,138.7,8.2,50.0,20.0,4.068,0.25,18/04/2017,LN1
10.0,108.8,1.6,1.6,675.2,231.55499999999998,2.437,48.69,10.53,436.9,7.21,50.0,256.0,13.604,2.36,18/04/2017,LN2_CB
10.0,80.7,1.6,1.6,639.3,231.55499999999998,4.769,35.97,3.69,399.3,7.97,50.0,912.0,17.312,1.63,18/04/2017,LN2_SB
12.080000000000002,75.22,1084060.0,3417500.0,522.92,5.1,12.665,12.180000000000001,1.0219999999999998,418.91999999999996,7.92,79.52000000000001,632.0,14.92,0.9380000000000001,02/05/2017,LN2_SB
10.1,37.78,1100000.0,2600000.0,298.82,5.0,10.682,27.8902,1.132,196.08,7.62,64.2,196.0,11.144,1.07628,02/05/2017,LN2_CB
10.959999999999999,44.7,79000.0,79000.0,295.0652,15.75,25.659,53.73019999999999,3.4260000000000006,316.65999999999997,7.06,74.0,984.0,17.344,2.70228,17/05/2017,LN2_SB
10.1,91.134,170000.0,540000.0,432.418,6.4,10.364,37.3942,1.936,256.744,7.68,64.2,355.0,9.465,1.47228,17/05/2017,LN2_CB
10.1,19.48,4900.0,110000.0,143.94,11.25,27.683,15.402199999999999,0.6839999999999999,111.78,7.56,64.2,850.0,17.516,0.48628,20/06/2017,LN2_SB
10.1,149.608,2100.0,49000.0,322.27599999999995,11.5,19.889,42.6942,1.798,315.198,7.68,80.622,780.0,16.748,1.4302800000000002,20/06/2017,LN2_CB
19.16,133.70800000000003,80960.31999999999,89600.31999999999,166.73600000000002,15.25,21.021,71.28600000000002,4.6,409.178,7.62,210.402,586.6780000000001,18.44,2.164,05/07/2017,LN2_SB
12.0,44.638,639840.0,963060.0,475.01800000000003,7.15,13.386,21.663999999999998,2.252,403.282,8.06,60.0,466.6,15.544,1.22,05/07/2017,LN2_CB
10.0,51.8,4520.0,48800.0,136.2,470.0,1.678,5.14,0.68,225.5,8.39,50.0,293.4,979.4592,0.26,18/07/2017,LN1
10.0,101.5,45760.0,178340.0,794.4,3.9,17.909,62.72,2.29,471.5,8.16,50.0,416.004,14.894799999999998,2.99,18/07/2017,LN2_SB
10.0,76.97,2340.0,19860.0,579.4,0.9949999999999999,733.0,17.8,2.74,387.3,7.63,50.0,90.1656,363.6136,1.12,18/07/2017,LN2_CB
18.782,166.57399999999998,13000.0,33000.0,555.792,4.35,11.842,40.67,4.502,279.116,8.3,91.99,419.29400000000004,14.76,1.6480000000000001,07/08/2017,LN2_SB
18.782,166.57399999999998,4900.0,22000.0,555.792,2.475,7.806,40.67,4.502000000000001,279.116,8.38,91.99,421.6,13.97,1.6479999999999997,07/08/2017,LN2_CB
10.959999999999999,140.624,130.0,17000.0,354.1592,20.5,26.284,50.294000000000004,4.086,503.48999999999995,7.56,90.422,559.0,19.72,2.718,15/08/2017,LN2_SB
16.9,219.36999999999998,780.0,780.0,577.342,10.75,15.449,49.386,3.604,536.708,8.05,89.712,360.48,16.7,2.1719999999999997,15/08/2017,LN2_CB
10.1,62.620000000000005,49000.0,170000.0,425.654,4.9,8.077,33.8922,1.612,187.28000000000003,8.4,64.2,380.0,14.28,1.38028,05/09/2017,LN2_CB
10.1,37.78,23000.0,33000.0,298.82,5.4,7.42,27.9142,1.132,196.08,8.42,64.2,190.0,13.99,1.08028,05/09/2017,LN2_SB
10.76,101.58000000000001,7100.0,31520.0,668.8,2.1,7.032,11.450000000000001,0.5780000000000001,433.6,8.49,69.32000000000001,430.0,12.17,1.056,19/09/2017,LN2_CB
12.919999999999998,70.58,8346.0,28080.0,507.34000000000003,3.05,9.266,18.247999999999998,1.3760000000000001,429.9799999999999,8.47,96.74,300.0,14.73,1.134,19/09/2017,LN2_SB
10.1,91.134,46000.0,70000.0,432.418,5.8,11.771,37.3942,1.9360000000000004,256.744,8.32,64.2,350.0,16.025,1.47228,03/10/2017,LN2_SB
10.1,49.995999999999995,1004.0,1400.0,391.158,5.3,10.972,28.708199999999998,1.2040000000000002,288.732,7.9,64.2,395.0,15.38,1.27028,03/10/2017,LN2_CB
10.0,10.0,4900.0,540000.0,275.0,380.0,2.752,3.74,0.43,303.6,8.69,79.2,58.0,7.886,1.33,17/10/2017,LN1
10.0,53.9,930.0,7900.0,886.6,7.6,14.582,35.32,2.49,577.5,8.23,58.3,2.46,18.796,4.23,17/10/2017,LN2_SB
58.3,30.8,180.0,680.0,821.7,4.0,10.605,8.39,0.61,457.6,8.33,1.697,112.0,15.204,2.61,17/10/2017,LN2_CB
14.722,46.51,1.6,1.6,446.48999999999995,4.55,11.797,46.7742,4.08,282.254,7.68,135.88,320.0,14.465,1.8802800000000002,07/11/2017,LN2_SB
14.319999999999999,57.4,33000.0,79000.0,384.6,4.075,10.067,35.9342,1.6920000000000002,319.92,8.05,93.96000000000001,300.0,12.59,2.77428,07/11/2017,LN2_CB
10.1,37.78,790000.0,1300000.0,298.82,6.7,12.471,27.9142,1.1320000000000001,196.08,8.08,64.2,706.0,15.22,1.08028,21/11/2017,LN2_CB
10.1,49.995999999999995,1100000.0,9200000.0,391.158,11.6,18.254,28.708199999999998,1.198,288.732,7.6,64.2,404.0,17.59,1.27028,21/11/2017,LN2_SB
8.1,51.86,920000.0,920000.0,199.70000000000002,11.2,45.24,26.63322,19.242,40.8986,7.23,45.714,1.412,26.408,1.7663,05/12/2017,LN2_CB
10.86,51.86,220000.0,540000.0,199.70000000000002,10.8,37.417,26.63322,2.332,40.8986,7.25,59.8,1.54,26.724,1.7663,05/12/2017,LN2_SB
8.959999999999999,51.86,700000.0,5400000.0,283.52520000000004,31.5,42.926,36.90982,21.63,151.745,7.41,55.513999999999996,1.07,27.27,1.7663,19/12/2017,LN2_SB
10.1,37.78,49000.0,220000.0,298.82,13.25,26.395,27.8902,1.132,196.07999999999998,7.55,64.2,480.0,18.97,1.07628,19/12/2017,LN2_CB
23.1,2.461,3400.0,23000.0,114.4,231.55499999999998,1.109,3.44,0.6,191.4,8.61,50.0,46.0,4.81,0.25,09/01/2018,LN1
10.0,127.6,2200.0,11000.0,320.1,26.0,22.774,52.35,6.54,377.3,7.72,50.0,460.0,17.44,1.3,09/01/2018,LN2_SB
10.0,3.557,33000.0,540000.0,405.9,24.21,40.649,13.51,17.77,608.3,7.43,50.0,1.88,27.72,3.13,09/01/2018,LN2_CB
16.9,105.146,33000.0,70000.0,476.84799999999996,2.65,5.53,43.3162,2.874,325.978,8.43,73.28999999999999,1.41,9.16,1.65228,23/01/2018,LN2_CB
10.1,37.78,11000.0,17000.0,298.82,3.5,8.698,27.9142,1.1320000000000001,196.08,8.37,64.2,530.0,15.22,1.0802800000000001,23/01/2018,LN2_SB
10.1,37.78,49000.0,240000.0,298.82,3.8,19.878,27.914200000000005,1.132,196.08,8.27,64.2,240.0,13.7,1.08028,06/02/2018,LN2_SB
19.54,104.886,1.6,1.6,536.4480000000001,11.6,12.458,57.8582,4.59,364.798,7.5,112.07000000000001,1.32,16.79,2.12828,06/02/2018,LN2_CB
16.9,105.146,23000.0,130000.0,476.84799999999996,5.8,16.117,43.3162,2.874,325.978,8.02,73.28999999999999,1.02,13.056,1.65228,20/02/2018,LN2_SB
10.1,37.78,23000.0,23000.0,298.82,3.25,7.218,27.9142,1.1320000000000001,196.08,7.94,64.2,160.0,10.868,1.08028,20/02/2018,LN2_CB
10.1,46.408,17000.0,33000.0,355.73799999999994,8.2,14.792,32.592200000000005,1.7399999999999998,234.15,7.99,64.2,550.0,15.41,1.35628,06/03/2018,LN2_SB
10.1,37.78,4900.0,17000.0,298.82,3.25,7.27,27.9142,1.132,196.08,7.95,64.2,440.0,10.89,1.08028,06/03/2018,LN2_CB
10.1,40.872,13000.0,46000.0,324.212,3.3,9.234,31.3322,1.48,229.17800000000003,8.14,64.2,230.0,13.81,1.1802800000000002,20/03/2018,LN2_SB
10.1,37.78,4900.0,13000.0,298.82,3.45,8.602,27.9142,1.1320000000000001,196.08,8.01,64.2,950.0,13.36,1.08028,20/03/2018,LN2_CB
10.0,20.9,13000.0,46000.0,124.3,178.0,1.716,19.54,2.06,163.9,8.2,38.5,730.0,5.31,0.43,03/04/2018,LN1
10.0,141.9,23000.0,240000.0,218.9,1.09,5.303,32.65,1.73,250.8,8.26,50.0,1.395,9.51,0.7,03/04/2018,LN2_SB
10.0,28.6,3300.0,13000.0,612.7,2.5,7.529,8.19,1.12,364.1,8.28,50.0,310.0,14.13,0.59,03/04/2018,LN2_CB
10.0,10.0,79000.0,79000.0,138.6,1.65,5.173,7.6,1.04,146.3,8.03,50.0,346.0,16.6168,0.48,17/04/2018,LN1
10.0,45.1,4500.0,17000.0,444.4,2.1,8.027,14.49,1.43,331.1,7.89,50.0,576.0,2753.6216,0.57,17/04/2018,LN2_CB
10.0,19.8,4000.0,33000.0,466.4,2.2,7.892,7.72,0.7,336.6,8.05,52.8,160.0,13.104,0.45,17/04/2018,LN2_SB
21.056,120.33999999999999,540000.0,540000.0,566.952,790.0,5.817,17.848000000000006,14.884000000000004,283.25480000000005,7.98,197.758,110.0,10.776,1.09,22/05/2018,LN2_SB
10.0,49.5,1700.0,3400.0,390.5,970.0,4.664,12.51,1.36,290.4,8.01,53.9,480.0,10.284,0.54,22/05/2018,LN2_CB
8.959999999999999,51.86,2000.0,7800.0,283.52520000000004,21.0,41.303,36.90982,19.242,151.745,7.39,55.513999999999996,2.51,25.49,1.7663,05/06/2018,LN2_SB
10.1,37.78,13000.0,13000.0,298.82,4.85,11.862,27.9142,1.1320000000000001,196.08,7.92,64.2,730.0,13.55,1.08028,05/06/2018,LN2_CB
10.0,27.5,188400.0,11240.32,105.6,400.0,2.521,6.3,0.54,158.4,7.2620000000000005,50.0,332.0,5.97,0.13,22/06/2018,LN1
10.52,38.212,3188.0,7800.0,377.77200000000005,135.155,5.059,23.362000000000002,1.658,328.158,8.39,64.2,210.0,12.02,1.2520000000000002,19/06/2018,LN2_SB
10.0,50.6,1746.0,4500.0,500.5,1.0,5.629,5.05,1.15,313.5,8.32,50.0,130.0,11.46,0.31,19/06/2018,LN2_CB
10.76,101.58,7100.0,31520.0,668.8,1.375,7.107,11.45,0.5780000000000001,433.6,7.98,69.32000000000001,230.0,13.32,1.056,03/07/2018,LN2_CB
10.76,85.08,4146.0,25640.0,693.6800000000001,5.0,14.524,26.375999999999998,1.426,452.2,8.01,70.97999999999999,1.4,17.93,2.004,03/07/2018,LN2_SB
10.0,10.0,450.0,780.0,176.0,550.0,3.144,5.46,0.34,227.7,8.44,50.0,122.0,8.724,0.25,17/07/2018,LN1
10.0,10.0,460.0,780.0,628.1,3.45,8.36,13.3,2.28,342.1,7.83,50.0,376.0,13.468,0.36,17/07/2018,LN2_CB
10.0,10.0,450.0,4900.0,591.8,450.0,4.034,4.58,0.42,356.4,8.16,50.0,116.0,11.334,0.46,17/07/2018,LN2_SB
21.056,107.38199999999999,330.0,3300.0,454.592,600.0,4.343,18.840000000000003,14.884,328.0046,8.11,197.758,78.0,11.602,1.026,31/07/2018,LN2_SB
10.1,40.872,330.0,790.0,324.212,3.3,7.135,31.3322,1.48,229.17800000000003,7.8,64.2,250.0,13.428,1.1802800000000002,31/07/2018,LN2_CB
10.0,10.0,191160.0,35000.32,205.7,475.0,3.018,26.21,0.65,284.9,8.44,50.0,490.0,9.148,1.52,28/08/2018,LN1
10.0,10.0,7146.0,17000.0,587.4,6.9,16.327,15.19,1.91,352.0,7.99,50.0,250.0,16.308,0.47,28/08/2018,LN2_CM
22.68,46.38,212860.32,353320.32,289.17999999999995,13.25,24.155,64.97999999999999,5.034000000000001,427.14,8.16,180.57999999999998,448.0,18.676,2.1399999999999997,28/08/2018,LN2_SB
12.1,67.08,68320.0,86860.0,616.48,7.3,15.635,18.1,1.554,453.2,7.94,74.2,256.0,16.244,1.28,28/08/2018,LN2_CB
10.0,10.0,450.0,450.0,183.7,248.0,2.42,3.86,0.33,265.1,8.43,50.0,42.0,8.186,0.23,11/09/2018,LN1
10.0,10.0,4900.0,11000.0,564.3,6.5,14.341,12.05,1.29,401.5,8.0,50.0,168.0,16.682,0.49,11/09/2018,LN2_CM
10.1,37.78,170000.0,540000.0,298.82,8.3,17.36,27.9142,1.1320000000000001,196.08,8.19,64.2,116.0,17.836,1.08028,11/09/2018,LN2_SB
10.1,37.78,7900.0,33000.0,298.82,7.7,17.013,27.914200000000005,1.1320000000000001,196.08,7.91,64.2,128.0,17.984,1.08028,11/09/2018,LN2_CB
10.1,37.78,2700.0,2700.0,298.82,10.2,17.12,27.914200000000005,1.132,196.07999999999998,8.2,64.2,220.0,35.716,1.08028,25/09/2018,LN2_SB
12.1,28.54,780.0,1100.0,283.52,6.57,14.566,18.46766,1.1400000000000001,195.04000000000002,7.93,74.2,124.0,8.628,1.0574,25/09/2018,LN2_CB
10.0,59.4,180.0,1100.0,224.4,231.55499999999998,2.623,7.51,0.21,313.5,8.31,50.0,170.0,8.92,0.49,16/10/2018,LN1
10.1,37.78,2700.0,17000.0,298.82,7.05,14.406,27.9142,1.1320000000000001,196.08,8.3,64.2,270.0,18.82,1.0802800000000001,16/10/2018,LN2_SB
10.1,91.134,1100.0,2700.0,432.418,6.55,14.116,37.3942,1.9360000000000004,256.744,7.93,64.2,350.0,18.25,1.47228,16/10/2018,LN2_CB
10.0,31.8,22.0,110.0,230.7,400.0,2.332,5.13,0.32,309.1,8.68,50.0,110.0,9.18,0.29,30/10/2018,LN1
10.0,165.0,330.0,1100.0,679.8,5.3,11.446,12.87,0.77,482.9,8.6,50.0,270.0,17.47,8.63,30/10/2018,LN2_SB
10.0,59.4,1100.0,1100.0,642.4,5.65,9.179,10.2,0.08,443.3,8.19,50.0,160.0,17.11,2.86,30/10/2018,LN2_CB
10.1,37.78,9400.0,240000.0,298.82,9.5,16.073,27.9142,1.1320000000000001,196.08,8.19,64.2,656.0,15.232,1.08028,13/11/2018,LN2_SB
10.1,37.78,130000.0,350000.0,298.82,5.6,15.765,27.914200000000005,1.132,196.08,8.08,64.2,744.0,13.336,1.08028,13/11/2018,LN2_CB
10.1,37.78,33000.0,49000.0,298.82,11.25,17.827,27.9142,1.1320000000000001,196.08,7.77,64.2,726.0,14.555,1.0802800000000001,27/11/2018,LN2_SB
10.1,37.78,70000.0,460000.0,298.82,3.2,5.163,27.9142,1.1320000000000001,196.08,7.87,64.2,164.0,8.03,1.08028,27/11/2018,LN2_CB
10.0,10.0,2000.0,6800.0,307.67,635.0,2.556,9.6,0.55,50.0,8.28,50.0,136.0,8.288,0.32,18/12/2018,LN1
10.0,10.0,2000.0,17000.0,20.0,14.125,21.503,62.05,6.98,50.0,7.75,50.0,708.0,17.816,1.17,18/12/2018,LN2_CM
10.0,19.82,2000.0,4500.0,35.3,6.25,28.875,9.770199999999999,0.036000000000000004,51.04,7.64,50.0,1.64,22.02,0.054279999999999995,18/12/2018,LN2_SB
10.52,32.489999999999995,2000.0,2000.0,329.522,7.42,12.828,19.052,1.188,259.96000000000004,7.45,64.2,190.0,14.69,1.1039999999999999,18/12/2018,LN2_CB
10.0,92.29,188400.0,1480.3200000000002,20.0,380.0,2.138,14.87,0.6,220.66,8.68,50.0,380.0,6.425,0.45,22/01/2019,LN1
10.0,152.57,198360.0,34800.32,53.82,2.7,6.747,17.84,1.66,397.32,8.22,50.0,340.0,12.705,0.49,22/01/2019,LN2_CM
26.46,143.54999999999998,80976.0,200376.32,802.164,3.55,10.163,40.94200000000001,3.3099999999999996,460.758,8.15,51.0894,293.094,22.625999999999998,2.024,22/01/2019,LN2_SB
19.759999999999998,94.12,3886.0,12680.0,488.5799999999999,2.85,7.72,7.0760000000000005,0.8320000000000001,336.14000000000004,8.32,69.88,226.8,13.6524,0.5940000000000001,22/01/2019,LN2_CB
12.0,110.75999999999999,4222.32,8880.32,611.368,8.4,14.689,25.346,3.2359999999999998,442.558,8.25,65.6,184.74,14.849200000000002,1.556,05/02/2019,LN2_SB
9.34,26.5,7840.0,8976.0,446.88,3.3,8.308,10.35,1.2419999999999998,308.9,8.0,56.02,445.2,14.239999999999998,66.794,05/02/2019,LN2_CB
10.0,134.2,42800.0,125800.0,654.17,5.7,9.95,30.17,2.41,6.0,7.85,50.0,360.0,11.54,1.54,19/02/2019,LN1
10.0,144.32,56336.0,199756.0,700.48,3.85,10.056,56.18,3.55,6.0,8.07,50.0,808.0,14.988,1.65,19/02/2019,LN2_CM
9.4,139.94,11256.0,42280.0,630.3480000000001,3.45,14.412,14.085999999999999,2.16758,306.0966,8.08,65.26,266.88,14.055599999999998,0.6002,19/02/2019,LN2_SB
10.0,140.57799999999997,347276.0,400680.0,604.286,4.7,14.306,21.928,3.5,383.84000000000003,8.26,53.94,371.28000000000003,14.114799999999999,1.058,19/02/2019,LN2_CB
20.34,127.66599999999998,1416820.0,3450020.3200000003,503.50199999999995,5.4,9.563,30.244000000000007,2.7720000000000002,326.438,7.69,89.05,208.294,13.1564,3.1380000000000003,12/03/2019,LN2_SB
9.2,11.358,1294.0,10820.0,187.54000000000002,2.55,13.115,1.29306,0.17182000000000003,73.1586,7.71,55.32000000000001,133.7656,98.546,0.13356800000000002,12/03/2019,LN2_CB
10.0,25.46,7020.0,38600.0,146.96,1.85,7.304,17.37,1.75,215.49,8.05,50.0,230.0,8.396,0.54,26/03/2019,LN1
10.0,53.14,34336.0,15756.320000000002,304.59,2.6,10.272,23.67,3.05,240.35,7.72,50.0,560.0,9.204,1.42,26/03/2019,LN2_CM
27.8,161.326,24620.0,73840.0,622.62,570.0,7.513,9.088,2.314,292.4386,6.98,69.09,227.5656,16.5704,1.142,26/03/2019,LN2_SB
17.72,148.488,511400.72000000003,1131800.3199999998,388.024,22.4938,19.07,28.758000000000003,5.256,179.8482,7.06,169.922,405.1928,25.835199999999997,1.9200000000000004,26/03/2019,LN2_CB
17.72,148.488,184460.32,282920.32,394.796,14.5,18.599,55.908,5.255999999999999,360.0766,7.02,169.92199999999997,307.602,20.357800000000005,1.9200000000000004,09/04/2019,LN2_SB
10.0,45.778,240620.0,751200.0,615.5980000000001,7.5,12.381,22.442,2.4520000000000004,340.2006,6.48,51.660000000000004,306.9656,26.305799999999998,2.17,09/04/2019,LN2_CB
10.0,129.9,1300.0,16000.0,180.84,1.35,3.415,6.12,1.1,301.95,8.26,69.49,88.0,7.58,0.46,23/04/2019,LN1
10.0,422.9,49000.0,170000.0,618.64,7.870000000000002,15.938,34.69,8.45,316.69,7.7,69.7,664.0,13.27,0.18,23/04/2019,LN2_CM
12.0,9.5,6880.4,28300.0,237.82399999999998,18.0248,30.976,5.2244,0.11280000000000001,30.6282,6.17,60.0,167.7108,27.117199999999997,0.022520000000000002,23/04/2019,LN2_SB
12.74,141.968,3866.72,34160.32,322.396,14.019,19.855,31.134000000000007,3.0246999999999997,228.66620000000003,7.19,177.92199999999997,481.1928,112.39359999999999,1.4940000000000002,23/04/2019,LN2_CB
23.740000000000002,58.5514,14680.0,37460.0,459.5652,18.0,34.885,42.17800000000001,16.034,514.6786,6.55,168.16000000000003,1.4826000000000001,25.1984,3.614,07/05/2019,LN2_SB
17.68,136.208,341060.0,1983520.0,335.176,13.5,19.111,48.516000000000005,5.318,382.0166,7.32,202.722,392.991,21.207,1.9460000000000002,07/05/2019,LN2_CB
33.08,34.95,185896.0,322980.0,188.65,950.0,8.998,4.87,0.91,273.46,8.37,366.3,104.0,7.06,1.42,21/05/2019,LN1
19.91,54.95,189160.32,20800.640000000003,460.35,5.4,7.57,21.87,6.17,286.77,7.99,214.5,328.0,10.976,1.66,21/05/2019,LN2_CM
17.240000000000002,130.28000000000003,388756.0,732220.0,353.228,13.75,15.321,28.656000000000006,3.5060000000000002,199.85660000000001,6.46,131.66,158.4534,17.476399999999998,1.3900000000000001,21/05/2019,LN2_SB
18.8,173.726,4112.32,10576.32,652.9280000000001,11.5,12.465,26.722,4.43,418.9366,7.62,73.03,158.4296,19.9832,1.3439999999999999,21/05/2019,LN2_CB
19.2,144.788,39540.32,45180.32,369.316,18.0,20.175,58.30800000000001,3.364,378.87660000000005,6.29,177.602,389.4436,21.8184,2.28,04/06/2019,LN2_SB
17.720000000000002,48.876,556460.4,1180720.0,445.64,14.218,18.71,33.532000000000004,4.656000000000001,232.5082,7.3,153.5,161.6182,23.5336,1.7600000000000002,04/06/2019,LN2_CB
10.0,551.43,11446.0,39100.0,338.25,1.138,2.857,3.78,0.75,443.85,8.39,50.0,112.0,8.128,0.54,18/06/2019,LN1
44.0,346.83,8180.639999999999,37000.64,910.14,4.24,10.151,77.29,8.72,699.49,8.09,95.45,1.47,15.08,2.9,18/06/2019,LN2_CM
17.3,145.988,37446.72,284360.32,282.98400000000004,17.8738,20.262,16.598000000000003,3.1447,282.6062,5.96,219.08199999999997,403.5928,113.1564,2.138,18/06/2019,LN2_SB
11.28,146.384,51880.0,201720.0,338.976,12.15,20.362,34.612,2.928,362.4966,7.49,87.542,400.19960000000003,22.078,1.432,18/06/2019,LN2_CB
21.48,97.2714,108600.0,346800.0,615.844,49.25,49.98,66.10600000000001,25.298000000000002,209.4988,6.14,206.61999999999998,351.3416,30.0822,4.766,09/07/2019,LN2_SB
13.98,105.58,71080.0,157200.32,367.128,9.05,17.205,79.446,4.096,312.63800000000003,7.82,165.46,336.4,20.7748,4.984,09/07/2019,LN2_CB
10.0,66.49,20810.0,27730.0,247.1,215.0,2.652,4.22,0.38,357.7,8.36,50.0,36.0,8.22,0.47,27/08/2019,LN1
10.0,71.08,752756.0,3108756.0,481.69,10.9,17.967,4.25,0.37,513.26,7.63,50.0,400.0,18.024,0.99,27/08/2019,LN2_CM
87.0,103.28000000000002,10845.2,43000.0,523.42,29.25,54.454,48.870000000000005,48.024,195.4042,6.7,125.829,80.57820000000001,33.286199999999994,6.530000000000001,27/08/2019,LN2_SB
11.5,141.968,480706.32,1097360.3199999998,190.596,10.289,19.635,37.260000000000005,2.6026999999999996,291.0276,7.51,168.28199999999998,442.2272,105.042,1.4940000000000002,27/08/2019,LN2_CB
10.0,75.83,4446.0,12646.0,292.27,231.55499999999998,2.167,5.0,0.41,439.78,8.12,302.94,50.0,8.315,0.42,17/09/2019,LN1
10.0,569.14,236782.0,512156.0,137.28,14.680000000000001,19.619,74.18,3.37,645.59,7.47,132.11,790.0,18.69,1.79,17/09/2019,LN2_CM
19.36,56.36,282000.0,418200.0,619.6400000000001,11.4,50.215,67.48844,19.756020000000003,134.69879999999998,5.96,159.98,288.448,110.1736,2.5659199999999998,17/09/2019,LN2_SB
12.0,9.5,6266.4,27366.0,237.82399999999998,17.9448,31.269,3.7599999999999993,0.22400000000000003,30.6282,7.22,60.0,169.66680000000002,82.2324,0.022520000000000002,17/09/2019,LN2_CB
16.8,90.50399999999999,240400.36000000002,748442.0,684.766,8.4,12.101,35.489999999999995,3.9200000000000004,399.79859999999996,6.88,60.75,382.1656,18.2954,2.252,08/10/2019,LN2_SB
18.32,168.328,636460.0,2574920.0,346.92,12.75,18.298,36.588,4.593999999999999,278.0986,7.72,169.90200000000002,81.8788,19.709999999999997,1.8939999999999997,08/10/2019,LN2_CB
10.0,10.0,2400.0,2400.0,42.68,390.0,2.334,6.41,0.7,62.49,8.26,50.0,310.0,5.8,0.41,22/10/2019,LN1
10.0,31.79,540000.0,540000.0,233.09,6.7,13.503,32.8,5.97,302.61,7.75,50.0,790.0,12.78,2.27,22/10/2019,LN2_CM
13.982,27.15,372300.4,93956.31999999999,444.32399999999996,130.2048,8.382,7.248,2.1249200000000004,138.26820000000004,6.36,93.46000000000001,343.5928,22.0444,0.63292,22/10/2019,LN2_SB
19.36,48.3,282000.0,234200.32,619.6400000000001,12.25,54.712,67.48844,19.75802,134.69879999999998,7.04,159.98,288.448,108.76500000000001,2.54444,22/10/2019,LN2_CB
94.86,115.88,29244.8,43400.0,523.42,32.5,56.389,48.354,50.544,195.4042,6.67,224.3792,80.57820000000001,33.2862,7.398000000000001,12/11/2019,LN2_SB
9.0,14.439999999999998,3200.0,12740.0,194.76000000000002,1.9,27.82,2.060236,0.16137,93.07860000000001,7.42,127.96,12.9656,317.4032,0.126947,12/11/2019,LN2_CB
26.46,97.2714,120400.0,257200.0,527.0040000000001,40.5,47.654,98.10999999999999,21.288,386.10859999999997,6.85,323.12,442.43459999999993,29.3666,4.766,19/11/2019,LN2_SB
17.799999999999997,57.824,13820.0,56116.0,312.246,11.25,24.203,39.562400000000004,5.628400000000001,264.2946,7.55,174.18199999999996,222.47600000000003,22.568,2.0718199999999998,19/11/2019,LN2_CB
26.46,145.08999999999997,572940.0,536240.64,755.8979999999999,4.6,9.833,36.815999999999995,3.314,349.97799999999995,7.76,49.4294,303.494,12.757200000000001,1.9279999999999997,03/12/2019,LN2_SB
10.1,34.900000000000006,438340.32,824000.64,227.81199999999998,1.625,4.354,11.323780000000001,1.1915799999999999,243.64000000000001,7.79,75.468,371.4,11.0214,0.7362,03/12/2019,LN2_CB
10.0,197.45,186738.36000000002,11640.32,117.37,231.55499999999998,1.542,5.6067,0.96569,169.62,8.16,50.0,16.0,4416.0,0.54351,17/12/2019,LN1
10.0,130.02,3255.6,28210.0,290.73,11.0,26.603,68.222,13.662,355.08,7.32,50.71,680.0,13710.0,1.1891,17/12/2019,LN2_CM
