fecha,referencia,alcalinidad_total,aluminio,bario,bicarbonatos,cadmio,calcio,carbonatos,cianuro_libre,cloruros,cobre,coliformes_termotolerantes,coliformes_totales,conductividad,cromo,dbo5,dqo,dureza_calcica,dureza_magnesica_pd,dureza_total,fosforo_total,hidróxidos,hierro,magnesio,manganeso,mercurio,niquel,nitratos,nitritos,nitritos_nitratos,nitrogeno_amoniacal,nitrogeno_ntk,nitrogeno_orgánico,ph,plomo,potasio,sodio,solidos_sedimentables,solidos_suspendidos,solidos_totales,solidos_totales_volátiles,sulfatos,sulfuros,sustancias_solubles_al_hexano,turbiedad,zinc,obs
06/04/01,P1,154.80,,,,0.50,,,,37.20,1.00,3.00E+03,3.00E+03,0.44,2.00,0.68,11.81,82.00,,142.00,0.07,,1.883,,0.05285,,4.00,,,0.03,0,,0.34,8.2,10.00,2.93,32.86,0.3,41,313,,10.65,,0,17,0.1353,
06/04/01,P2,161.90,,,,0.50,,,,34.90,1.00,2.20E+03,7.00E+03,0.44,2.00,0.18,23.42,91.00,,144.00,0.22,,5.179,,0.1641,,4.00,,,0.03,0,,0.46,8.36,10.00,3.57,30.05,0.9,185,453,,16.36,,18,40,0.09056,
06/04/01,P3,160.90,,,,0.50,,,,33.80,1.00,7.00E+03,1.70E+04,0.44,2.00,0.48,19.68,92.00,,149.00,0.21,,6.043,,0.2047,,4.00,,,0.08,0,,0.98,8.47,10.00,3.99,31.63,0.7,209,470,,18.33,,15,52,0.09999,
06/04/01,P4,159.70,,,,0.50,,,,45.20,1.00,1.10E+04,1.10E+04,0.47,2.00,0.58,7.87,100.00,,154.00,0.05,,3.159,,0.09761,,4.00,,,0.06,0,,0.29,8.34,10.00,3.24,33.96,0.2,74,350,,23.95,,6,26,0.09698,
07/04/01,P1,153.70,169.7,,,0.50,,,,28.78,2.89,1.30E+04,1.30E+04,,2.00,0.35,7.75,99.00,,141.00,0.03,,1.093,,0.03675,,5.20,,,0.03,0,,0.52,8.44,10.00,3.168,28.62,0,0,293,,0,,14.5,,0.1172,
07/04/01,P2,171.18,341.1,,,0.50,,,,27.01,6.58,3.00E+03,3.00E+03,,4.01,0.37,11.63,102.00,,149.00,0.05,,1.258,,0.07701,,15.34,,,0.1,0.74,,1.55,8.17,10.00,3.171,26.92,0,3,297,,0.7,,27.75,,0.136,
07/04/01,P3,173.23,218.2,,,0.50,,,,28.02,6.85,2.20E+03,2.20E+03,,6.33,0.37,9.69,107.00,,143.00,0.03,,1.106,,0.06362,,29.40,,,0.02,0,,0.63,8.2,10.00,3.22,26.92,0,7,305,,0.7,,23.5,,0.07549,
07/04/01,P4,178.35,240.2,,,0.50,,,,27.01,11.25,1.70E+04,1.70E+04,,2.00,0.52,23.62,117.00,,163.00,0.02,,1.581,,0.03941,,26.95,,,0,0,,0.46,8.2,10.00,3.271,27.44,0,4,322,,8,,7,,0.08745,
03/20/02,P1,224.89,257.2,,202.81,0.50,,22.08,,50.13,4.79,8.00E+02,5.00E+04,0.63,2.00,0.88,11.79,133.00,,170.00,0.02,,0.614,,0.04747,,27.4,,,,0,,0.45,8.63,14.73,3.71,41.78,0.2,11,426,,20.45,,39.2,15,0.04074,
03/20/02,P2,230.92,30,,214.86,0.50,,16.06,,52.69,1.77,1.70E+03,3.00E+04,0.61,2.00,0.90,9.82,144.00,,210.00,0.04,,0.003,,0.001,,9.01,,,,0,,0.45,8.5,37.5,3.42,38.98,0.1,11,439,,29.09,,17.6,14,0.00379,
03/20/02,P3,242.97,821.7,,222.89,0.50,,20.08,,44.68,2.82,2.20E+03,8.00E+03,0.71,2.00,0.73,1.96,162.00,,240.00,0.05,,1.068,,0.08725,,19.28,,,,0,,0.39,8.55,10,3.33,36.89,0.05,22,477,,53.64,,18,22,0.01869,
03/20/02,P4,232.93,1111,,216.87,0.50,,16.06,,43.53,5.14,8.00E+03,1.70E+04,0.71,2.00,0.93,3.93,166.00,,253.00,0.09,,5.103,,0.1195,,27.21,,,,0,,0.56,8.55,15.67,3.21,35.61,0.05,81,534,,73.34,,32,56,0.03026,
11/06/02,P1,,,,,,,,,,,1.70E+03,5.00E+04,,,,1.83,,,,0.64,,,,,,,,,,,,,,,,,,,927.8,,,,,,,
11/06/02,P2,,,,,,,,,,,5.00E+03,3.00E+04,,,,1.65,,,,0.9,,,,,,,,,,,,,,,,,,,969,,,,,,,
11/06/02,P3,,,,,,,,,,,8.00E+03,2.40E+04,,,,1.68,,,,0.91,,,,,,,,,,,,,,,,,,,1118,,,,,,,
11/06/02,P4,,,,,,,,,,,3.00E+03,3.00E+04,,,,1.75,,,,1.17,,,,,,,,,,,,,,,,,,,1876,,,,,,,
12/04/02,P1,,,,,,,,,,,3.00E+03,5.00E+03,,,0.73,,,,,0.03,,,,,,,,,0.02,,,,8.8,,,,,,438,,,,,2.5,,
12/04/02,P2,,,,,,,,,,,8.00E+02,1.30E+03,,,0.95,,,,,0,,,,,,,,,0.01,,,,8.6,,,,,,463,,,,,5.6,,
12/04/02,P3,,,,,,,,,,,1.70E+03,5.00E+04,,,0.55,,,,,0.04,,,,,,,,,0.03,,,,8.7,,,,,,453,,,,,11,,
12/04/02,P4,,,,,,,,,,,5.00E+03,8.00E+03,,,0.48,,,,,0.03,,,,,,,,,0.01,,,,8.7,,,,,,460,,,,,9.4,,
03/31/03,P1,,,,,,,,,,,5.00E+03,1.70E+04,,,0.50,,,,,0.09,,,,,,,,,,,,,,,,,,,306,,,,,,,
03/31/03,P2,,,,,,,,,,,2.40E+03,7.00E+03,,,0.80,,,,,0.47,,,,,,,,,,,,,,,,,,,305,,,,,,,
03/31/03,P3,,,,,,,,,,,,,,,,,,,,,,,,,,,,,,,,,,,,,,,,,,,,,,
03/31/03,P4,,,,,,,,,,,,,,,,,,,,,,,,,,,,,,,,,,,,,,,,,,,,,,
04/28/03,P1,,,,,,,,,,,3.00E+04,9.00E+04,,,,,,,,,,,,,,,,,,,,,,,,,,,813,,,,,,,
04/28/03,P2,,,,,,,,,,,3.00E+04,1.30E+05,,,,,,,,,,,,,,,,,,,,,,,,,,,977,,,,,,,
04/28/03,P3,,,,,,,,,,,3.00E+04,3.00E+04,,,,,,,,,,,,,,,,,,,,,,,,,,,794,,,,,,,
04/28/03,P4,,,,,,,,,,,8.00E+03,8.00E+04,,,,,,,,,,,,,,,,,,,,,,,,,,,1084,,,,,,,
07/23/03,P1,,,,,,,,,,,1.30E+03,3.00E+03,,,0.75,,,,,0.05,,,,,,,,,,,,,,,,,,0,338,,,,,,,
07/23/03,P2,,,,,,,,,,,1.10E+03,5.00E+04,,,0.75,,,,,0.06,,,,,,,,,,,,,,,,,,0,364,,,,,,,
07/23/03,P3,,,,,,,,,,,1.10E+03,5.00E+03,,,0.88,,,,,,,,,,,,,,,,,,,,,,,0,341,,,,,,,
07/23/03,P4,,,,,,,,,,,3.00E+02,5.00E+03,,,1.10,,,,,,,,,,,,,,,,,,,,,,,22,329,,,,,,,
09/24/03,P1,,,,,0.5,,,,,,1.30E+03,5.00E+03,,2,1.40,23.7,,,,0.07,,,,0.0069,,,,,,,,,,25.4,,,,,449,,,,,,,
09/24/03,P2,,,,,0.5,,,,,,8.00E+02,1.10E+04,,2.5,1.00,21.8,,,,0.08,,,,0.3736,,,,,,,,,,38,,,,,469,,,,,,,
09/24/03,P3,,,,,1.20,,,,,,8.00E+02,2.20E+03,,6.1,1.50,27.7,,,,0.05,,,,0.0169,,,,,,,,,,343.2,,,,,426,,,,,,,
09/24/03,P4,,,,,0.5,,,,,,2.30E+02,2.80E+03,,8.6,1.00,19.8,,,,0.04,,,,0.0135,,,,,,,,,,257.4,,,,,459,,,,,,,
12/08/03,P1,,,,,0.5,,,,,,1.10E+03,5.00E+03,,5.7,1.10,5.9,,,,0.04,,,,0.0715,,,,,,,,,,10,,,,,396,,,,,,,
12/08/03,P2,,,,,0.5,,,,,,1.70E+03,3.00E+03,,11,0.90,5.9,,,,0.04,,,,0.1154,,,,,,,,,,10,,,,,408,,,,,,,
12/08/03,P3,,,,,0.5,,,,,,1.30E+03,2.40E+03,,13.6,0.90,3.7,,,,0.05,,,,0.0917,,,,,,,,,,10,,,,,426,,,,,,,
12/08/03,P4,,,,,0.5,,,,,,2.80E+03,8.00E+03,,19.7,0.40,3.7,,,,0.05,,,,0.0706,,,,,,,,,,10,,,,,434,,,,,,,
01/26/04,P1,,,,,0.5,,,,,,5.00E+03,1.70E+04,,2,0.80,16,,,,0.07,,,,0.0597,,,,,,,,,,10,,,,,429,,,,,,,
01/26/04,P2,,,,,0.5,,,,,,1.70E+03,1.30E+04,,2,1.00,14,,,,0.05,,,,0.1589,,,,,,,,,,10,,,,,454,,,,,,,
01/26/04,P3,,,,,0.5,,,,,,3.00E+03,5.00E+03,,2,0.80,14,,,,0.05,,,,0.0813,,,,,,,,,,10,,,,,452,,,,,,,
01/26/04,P4,,,,,0.5,,,,,,1.10E+03,5.00E+03,,2,0.60,12,,,,0.04,,,,0.0414,,,,,,,,,,10,,,,,460,,,,,,,
02/16/04,P1,,,,,0.5,,,,,,5.00E+02,2.80E+03,,2,0.70,1.95,,,,0.05,,,,0.0344,,,,,,,,,,10,,,,,432,,,,,,,
02/16/04,P2,,,,,0.5,,,,,,1.03E+03,3.00E+03,,2,0.90,5.9,,,,0.05,,,,0.2044,,,,,,,,,,10,,,,,468,,,,,,,
02/16/04,P3,,,,,0.94,,,,,,1.30E+03,5.00E+03,,3.5,0.80,1.95,,,,0.06,,,,0.0594,,,,,,,,,,10,,,,,399,,,,,,,
02/16/04,P4,,,,,0.56,,,,,,1.30E+03,1.30E+03,,5.1,0.40,3.9,,,,0.02,,,,0.0212,,,,,,,,,,10,,,,,478,,,,,,,
10/11/04,P1,,253.6,8,,3.20,,,0.00,,6.8,1.70E+03,5.00E+03,,2,1.30,,,,,,,0.2389,,0.0379,,16.6,0.011,0.000,,,,,8.42,10,,,,0,411,,,,10,,0.021,
10/11/04,P2,,222.6,8,,8.50,,,0.00,,7.7,5.00E+02,1.70E+03,,2,0.90,,,,,,,0.2984,,0.0559,,18.8,0.011,0.000,,,,,8.37,10,,,,0,420,,,,6.7,,0.1057,
10/11/04,P3,,228.3,8,,6.30,,,0.00,,5.1,1.00E+04,1.30E+04,,2,0.70,,,,,,,0.4544,,0.0538,,25.1,0.01,0.000,,,,,8.4,119.5,,,,0,428,,,,3,,0.0158,
10/11/04,P4,,1405,8,,9.10,,,0.00,,5.7,2.40E+03,1.30E+04,,2,0.70,,,,,,,1.552,,0.0582,,24.1,0.01,0.000,,,,,8.43,70.5,,,,33,461,,,,7.3,,0.0315,
05/02/05,P1,,,,,0.50,,,,,,5.00E+02,2.20E+03,,41.30,0.8,29,,,,0.22,,,,0.1753,,,,,,,,,,10,,,,,461,,,,,,,
05/02/05,P2,,,,,0.50,,,,,,8.00E+02,8.00E+03,,27.30,0.7,23,,,,0.25,,,,0.1788,,,,,,,,,,10,,,,,481,,,,,,,
05/02/05,P3,,,,,0.50,,,,,,1.30E+03,2.20E+03,,14.80,0.60,27,,,,0.25,,,,0.2,,,,,,,,,,29.3,,,,,497,,,,,,,
05/02/05,P4,,,,,1.20,,,,,,8.00E+02,5.00E+03,,17.30,0.70,35,,,,0.27,,,,0.2066,,,,,,,,,,10,,,,,593,,,,,,,
06/28/06,P1,,207,100.6,,0.50,,,0.00,,1.00,2.40E+03,7.90E+03,,3.00,0.2,18,,,,0.03,,0.0553,,0.0153,,8,0.01,0.000,,,,,8.42,15.70,,,,0,349,,,,5.2,,0.0008,
06/28/06,P2,,76.2,88.7,,0.88,,,0.00,,1.00,1.30E+05,2.40E+05,,3.00,0.2,14,,,,0.03,,0.0416,,0.003,,6.1,0.03,0.000,,,,,8.28,10.00,,,,1,358,,,,5.2,,0.0008,
06/28/06,P3,,30.00,107.2,,0.61,,,0.00,,1.00,1.70E+03,4.60E+03,,3.00,0.3,31,,,,0.03,,0.0225,,0.004,,7.2,0.01,0.000,,,,,8.36,21.40,,,,1,359,,,,0.8,,0.0008,
06/28/06,P4,,30.00,157.6,,0.83,,,0.00,,1.00,2.20E+03,2.70E+03,,3.00,0.2,10,,,,0.03,,0.0149,,0.0011,,8.9,0.01,0.000,,,,,8.47,38.90,,,,4,405,,,,1.6,,0.0008,
06/28/06,P5,,,,,,,,,,,,,,,,,,,,,,,,,,,,,,,,,,,,,,,,,,,,,,
06/28/06,P6,,,,,,,,,,,,,,,,,,,,,,,,,,,,,,,,,,,,,,,,,,,,,,
03/23/11,P1,,1965,,,20.00,,,0.10,,30.9,2.80E+03,2.20E+04,,50.00,1.2,54,,,,0.13,,3.432,,0.0601,,34.8,0.08,0.023,,,,,7.5,100.00,,,,38,320,,,,2,,0.053,
03/23/11,P2,,2533,,,20.00,,,0.10,,20.7,1.30E+03,9.40E+03,,50.00,1,58,,,,0.12,,3.1,,0.0656,,15.4,0.05,0.010,,,,,7.64,100.00,,,,22,328,,,,6.4,,0.0552,
03/23/11,P3,,3932,,,20.00,,,0.10,,18.9,4.90E+03,2.40E+04,,50.00,1.3,44,,,,0.12,,4.195,,0.0698,,29.4,0.04,0.017,,,,,7.77,100.00,,,,28,337,,,,8.4,,1.249,
03/23/11,P4,,7656,,,20.00,,,0.10,,28.2,3.30E+03,2.20E+04,,50.00,1,50,,,,0.19,,9.803,,0.1662,,33.5,0.07,0.004,,,,,7.88,100.00,,,,193,513,,,,17.6,,0.0633,
03/23/11,P5,,5269,,,20.00,,,0.10,,17.7,1.70E+03,1.70E+04,,50.00,1,58,,,,0.1,,5.002,,0.0665,,25.7,0.05,0.007,,,,,7.9,100.00,,,,37,342,,,,5.6,,0.0319,
03/23/11,P6,,1186,,,20.00,,,0.10,,13.4,1.60E+04,1.60E+04,,50.00,0.3,12,,,,0.07,,2.106,,0.035,,27.7,0.03,0.00,,,,,8.1,100.00,,,,37,455,,,,6,,0.0239,
06/22/11,P1,,,,,20.00,,,,,6.3,7.90E+02,2.40E+03,,6.00,0.6,16,,,,,,0.2859,,0.0209,,15.00,,,,,,,7.98,100.00,,,,,,,,,,,0.0041,
06/22/11,P2,,,,,20.00,,,,,6.4,1.30E+03,2.20E+03,,6.00,0.6,18,,,,,,0.3056,,0.052,,15.00,,,,,,,8.01,100.00,,,,,,,,,,,0.0385,
06/22/11,P3,,,,,20.00,,,,,5.9,4.90E+02,1.10E+03,,6.00,0.6,8,,,,,,0.307,,0.0446,,15.00,,,,,,,8.06,100.00,,,,,,,,,,,0.1246,
06/22/11,P4,,,,,20.00,,,,,6.2,7.90E+03,1.70E+04,,6.00,0.6,16,,,,,,0.2601,,0.0345,,15.00,,,,,,,8.11,100.00,,,,,,,,,,,0.0947,
06/22/11,P5,,,,,20.00,,,,,5.7,7.00E+02,9.40E+02,,6.00,0.7,14,,,,,,0.288,,0.0464,,15.00,,,,,,,8.04,100.00,,,,,,,,,,,0.0504,
06/22/11,P6,,,,,20.00,,,,,4.5,7.90E+02,1.30E+03,,6.00,0.3,6,,,,,,0.0778,,0.0097,,15.00,,,,,,,7.82,100.00,,,,,,,,,,,0.0561,
10/05/11,P1,,20140,,,20.00,,,1.00,,22,4.90E+03,4.90E+03,,20.00,0.8,58,,,,0.3,,12.89,,0.1217,,50.00,0.11,0.00,,,,,7.82,100.00,,,,105,366,,,,5.2,,0.0547,
10/05/11,P2,,13960,,,20.00,,,1.00,,24.4,1.30E+04,1.30E+04,,20.00,1,58,,,,23,,9.922,,0.1133,,50.00,0.15,0.00,,,,,7.81,100.00,,,,116,412,,,,2.8,,0.0529,
10/05/11,P3,,17020,,,20.00,,,1.00,,18.4,1.30E+04,1.70E+04,,20.00,0.8,46,,,,0.14,,11.72,,0.1166,,50.00,0.09,0.00,,,,,7.88,100.00,,,,101,430,,,,2.8,,0.035,
10/05/11,P4,,16970,,,20.00,,,1.00,,22.5,4.90E+03,1.70E+04,,20.00,0.6,46,,,,0.27,,13.19,,0.1557,,50.00,0.09,0.00,,,,,8.03,100.00,,,,143,438,,,,3.2,,0.0469,
10/05/11,P5,,20810,,,20.00,,,1.00,,20.7,7.90E+03,4.90E+04,,20.00,1.1,64,,,,0.29,,13.5,,0.1465,,14.9,0.09,0.00,,,,,7.94,100.00,,,,103,399,,,,4.4,,0.0451,
10/05/11,P6,,704.5,,,20.00,,,1.00,,20.2,1.30E+03,4.90E+03,,20.00,0.4,14,,,,0.06,,0.7265,,0.0132,,117.2,0.09,0.00,,,,,8.12,100.00,,,,9,367,,,,7.6,,0.2562,
12/20/11,P1,,,,,20.00,,,,,4.00,3.50E+03,4.00E+03,,20.00,1,42,,,,,,5.927,,,,50.00,,,,,,,7.84,100.00,,,,,,,,,,,0.0158,
12/20/11,P2,,,,,20.00,,,,,4.00,3.30E+03,1.10E+04,,20.00,0.9,38,,,,,,8.325,,,,50.00,,,,,,,7.74,100.00,,,,,,,,,,,0.0382,
12/20/11,P3,,,,,20.00,,,,,6.1,7.00E+03,1.70E+04,,20.00,1.4,40,,,,,,14.58,,,,50.00,,,,,,,7.72,100.00,,,,,,,,,,,0.0377,
12/20/11,P4,,,,,20.00,,,,,11.9,3.30E+03,1.10E+04,,25.30,1.1,46,,,,,,20.03,,,,50.00,,,,,,,7.79,100.00,,,,,,,,,,,0.0784,
12/20/11,P5,,,,,20.00,,,,,4.00,3.30E+03,1.10E+04,,20.00,0.8,32,,,,,,8.992,,,,50.00,,,,,,,7.8,100.00,,,,,,,,,,,0.0226,
12/20/11,P6,,,,,20.00,,,,,50,1.70E+03,4.90E+03,,23.30,0.2,12,,,,,,13.21,,,,50.00,,,,,,,8.11,100.00,,,,,,,,,,,0.0343,
04/09/12,P1,,1149,,,20.00,,,1.00,,501.9,3.30E+03,7.90E+03,,20.00,0.7,21,,,,0.03,,1.934,,0.0314,,50.00,0.02,2.00,,,,,8.3,100.00,,,,13,255,,,,26,,0.0583,
04/09/12,P2,,3296,,,20.00,,,1.00,,12.5,2.20E+03,1.10E+04,,20.00,0.8,21,,,,0.05,,3.618,,0.114,,50.00,0.01,6.900,,,,,8.1,100.00,,,,153,367,,,,28,,0.0336,
04/09/12,P3,,64810,,,20.00,,,1.00,,111.9,1.10E+04,1.70E+05,,67.6,3.1,107,,,,0.69,,78.62,,2.218,,86.6,0.1,23.600,,,,,7.91,100.00,,,,2320,2968,,,,18.67,,0.2925,
04/09/12,P4,,8639,,,20.00,,,1.00,,160.7,1.70E+04,7.90E+04,,20.00,0.9,32,,,,0.12,,8.047,,0.1592,,50.00,0.01,11.900,,,,,8.31,100.00,,,,180,458,,,,61.6,,0.0438,
04/09/12,P5,,3998,,,20.00,,,1.00,,244.9,3.30E+02,7.90E+02,,20.00,1,19,,,,0.07,,4.576,,0.1323,,50.00,0.01,12.500,,,,,8.3,100.00,,,,170,398,,,,52,,0.0796,
04/09/12,P6,,144.1,,,20.00,,,1.00,,13.6,2.30E+02,1.70E+03,,20.00,0.2,4,,,,0.01,,0.1618,,0.01,,50.00,0.01,2.500,,,,,8.1,100.00,,,,9,403,,,,34.8,,0.0159,
06/26/12,P1,,,,,20.00,,,,,12.40,1.40E+04,1.40E+04,,20.00,3.25,68,,,,,,6.2557,,,,50.00,,,,,,,7.66,100.00,,,,,,,,,,,0.0271,
06/26/12,P2,,,,,20.00,,,,,12.7,1.30E+04,1.70E+04,,20.00,3.5,62,,,,,,5.8311,,,,50.00,,,,,,,7.47,100.00,,,,,,,,,,,0.0318,
06/26/12,P3,,,,,20.00,,,,,13.3,9.20E+04,1.60E+05,,20.00,3.75,70,,,,,,7.3678,,,,50.00,,,,,,,7.49,100.00,,,,,,,,,,,0.0448,
06/26/12,P4,,,,,20.00,,,,,10.8,1.30E+04,2.40E+04,,20.00,2.55,50,,,,,,5.0853,,,,50.00,,,,,,,7.6,100.00,,,,,,,,,,,0.0541,
06/26/12,P5,,,,,20.00,,,,,15.2,2.40E+04,5.40E+04,,20.00,3.45,60,,,,,,5.9565,,,,50.00,,,,,,,7.58,100.00,,,,,,,,,,,0.0367,
06/26/12,P6,,,,,20.00,,,,,5,4.90E+02,7.00E+02,,20.00,0.55,27,,,,,,0.26,,,,50.00,,,,,,,7.51,100.00,,,,,,,,,,,0.1225,
09/27/12,P1,,35.1,,,20.00,,,0.10,,9.6,7.90E+02,1.70E+03,,20.00,1.1,25.00,,,,0.03,,0.0666,,0.0371,,50.00,0.04,0.00,,,,,8.64,100.00,,,,6.40,401,,,,9.6,,0.0125,
09/27/12,P2,,46.9,,,20.00,,,0.10,,8.5,7.00E+02,1.40E+03,,20.00,1.1,25.00,,,,0.03,,0.0748,,0.0834,,50.00,0.04,0.00,,,,,8.66,100.00,,,,6.40,382,,,,10.4,,0.0158,
09/27/12,P3,,86.2,,,20.00,,,0.10,,8.6,2.00E+01,1.10E+03,,20.00,0.9,25.00,,,,0.05,,0.1054,,0.033,,50.00,0.04,0.00,,,,,8.75,100.00,,,,6.40,375,,,,2.4,,0.0155,
09/27/12,P4,,58.1,,,20.00,,,0.10,,49.9,4.50E+01,4.90E+02,,20.00,0.89,25.00,,,,0.03,,0.0548,,0.0075,,50.00,0.04,0.00,,,,,8.63,100.00,,,,6.40,464,,,,5.6,,0.0158,
09/27/12,P5,,79,,,20.00,,,0.10,,7.5,3.30E+02,7.00E+02,,20.00,1.2,25.00,,,,0.03,,0.1004,,0.0805,,50.00,0.04,0.00,,,,,8.65,100.00,,,,6.40,435,,,,0.8,,0.0145,
09/27/12,P6,,351,,,20.00,,,0.10,,4.00,1.80,2.30E+01,,20.00,0.89,25.00,,,,0.03,,0.3222,,0.0399,,50.00,0.04,0.00,,,,,7.75,100.00,,,,6.40,458,,,,9.6,,0.0194,
12/04/12,P1,,,,,20.00,,,,,7.4,7.90E+02,3.30E+03,,20.00,0.89,25.00,,,,,,0.406,,,,50.00,,,,,,,8.37,100.00,,,,,,,,,,,0.0257,
12/04/12,P2,,,,,20.00,,,,,6.2,1.30E+03,1.70E+03,,20.00,0.89,25.00,,,,,,0.3374,,,,50.00,,,,,,,8.31,100.00,,,,,,,,,,,0.012,
12/04/12,P3,,,,,20.00,,,,,5.6,4.90E+02,7.90E+02,,20.00,0.89,25.00,,,,,,0.3689,,,,50.00,,,,,,,8.3,100.00,,,,,,,,,,,0.0308,
12/04/12,P4,,,,,20.00,,,,,12.9,7.90E+02,1.10E+03,,20.00,0.89,25.00,,,,,,0.6083,,,,50.00,,,,,,,8.32,100.00,,,,,,,,,,,0.037,
12/04/12,P5,,,,,20.00,,,,,5.3,3.30E+02,4.90E+02,,20.00,0.89,25.00,,,,,,0.4134,,,,50.00,,,,,,,8.3,100.00,,,,,,,,,,,0.0169,
12/04/12,P6,,,,,20.00,,,,,4.00,1.70E+02,7.90E+02,,20.00,0.89,25.00,,,,,,0.198,,,,50.00,,,,,,,7.83,100.00,,,,,,,,,,,0.01,
03/19/13,P1,,13354,,,20.00,,,1.00,,18.5,3.50E+04,9.20E+04,,20.00,5.35,74,,,,0.38,,10.3213,,0.2048,,50.00,0.89,0.00,,,,,7.51,100.00,,,,128,439,,,,1.2,,0.0381,
03/19/13,P2,,11264,,,20.00,,,1.00,,16.8,1.30E+04,9.20E+04,,20.00,5.55,56,,,,0.35,,9.4622,,0.2001,,50.00,0.53,0.00,,,,,7.36,100.00,,,,124,435,,,,4,,0.0355,
03/19/13,P3,,10413.7,,,20.00,,,1.00,,18.4,3.50E+04,1.60E+05,,20.00,5.1,75,,,,0.42,,8.8902,,0.1835,,50.00,0.14,0.00,,,,,7.34,100.00,,,,116,425,,,,2,,0.0377,
03/19/13,P4,,12837,,,20.00,,,1.00,,20.9,3.50E+04,9.20E+04,,20.00,5.05,73,,,,0.41,,11.957,,0.2044,,50.00,0.08,0.00,,,,,7.42,100.00,,,,155,479,,,,6,,0.0678,
03/19/13,P5,,12815,,,20.00,,,1.00,,18.6,1.30E+04,9.20E+04,,20.00,5.25,64,,,,0.4,,10.5336,,0.2149,,50.00,0.06,0.00,,,,,7.19,100.00,,,,130,445,,,,1.6,,0.0596,
03/19/13,P6,,170.2,,,20.00,,,1.00,,4.00,3.30E+03,3.30E+03,,20.00,0.35,60,,,,0.03,,0.159,,0.0121,,50.00,0.06,0.00,,,,,7.71,100.00,,,,6.40,430,,,,6.4,,0.01,
06/20/13,P1,,,,,10.00,,,,,37.5,7.90E+02,3.50E+03,,20.00,1.00,26,,,,,,0.2148,,,,50.00,,,,,,,8.3,50.00,,,,,,,,,,,0.0263,
06/20/13,P2,,,,,10.00,,,,,20.8,7.00E+02,5.40E+03,,20.00,1.00,25.00,,,,,,0.2137,,,,50.00,,,,,,,8.24,50.00,,,,,,,,,,,0.0213,
06/20/13,P3,,,,,10.00,,,,,21,1.10E+03,2.20E+03,,20.00,1.00,35.00,,,,,,0.2749,,,,50.00,,,,,,,8.31,50.00,,,,,,,,,,,0.0945,
06/20/13,P4,,,,,10.00,,,,,28,4.90E+02,5.40E+03,,20.00,1.00,25.00,,,,,,2.3727,,,,50.00,,,,,,,8.32,50.00,,,,,,,,,,,0.0639,
06/20/13,P5,,,,,10.00,,,,,22.1,7.90E+02,1.70E+03,,20.00,1.00,25.00,,,,,,0.2295,,,,50.00,,,,,,,8.26,50.00,,,,,,,,,,,0.0296,
06/20/13,P6,,,,,10.00,,,,,24.9,1.10E+02,7.90E+02,,20.00,1.00,25.00,,,,,,0.1009,,,,50.00,,,,,,,7.58,50.00,,,,,,,,,,,0.013,
09/11/13,P1,,93.6,,,10.00,,,1.00,,4.00,1.30E+03,1.30E+03,,20.00,1.7,25.00,,,,0.03,,0.129,,0.0271,,50.00,0.01,0.00,,,,,8.64,50.00,,,,6.00,433,,,,12.8,,0.0195,
09/11/13,P2,,98.7,,,10.00,,,1.00,,4.00,3.30E+02,4.90E+02,,20.00,1.75,25.00,,,,0.03,,0.0123,,0.056,,50.00,0.01,0.00,,,,,8.62,50.00,,,,6.00,418,,,,51.6,,0.01,
09/11/13,P3,,55.6,,,10.00,,,1.00,,4.00,3.30E+02,3.30E+02,,20.00,1.35,25.00,,,,0.03,,0.069,,0.0103,,50.00,0.01,0.00,,,,,8.81,50.00,,,,6.00,411,,,,45.2,,0.01,
09/11/13,P4,,102.3,,,10.00,,,1.00,,4.00,5.40E+02,5.40E+02,,20.00,0.7,25.00,,,,0.03,,0.0901,,0.0083,,50.00,0.01,0.00,,,,,8.32,50.00,,,,6.00,419,,,,18.8,,0.01,
09/11/13,P5,,244.2,,,10.00,,,1.00,,4.00,7.90E+02,2.40E+03,,20.00,1.45,25.00,,,,0.03,,0.2427,,0.0872,,50.00,0.01,0.00,,,,,8.65,50.00,,,,6.00,420,,,,20,,0.01,
09/11/13,P6,,58.1,,,10.00,,,1.00,,4.00,1.30E+01,3.10E+01,,20.00,0.65,25.00,,,,0.03,,0.0262,,0.0251,,50.00,0.01,0.00,,,,,7.83,50.00,,,,6.00,473,,,,62.4,,0.01,
01/31/14,P1,,,,,10.00,,,,,45.5,,,,46.4,3.6,46,,,,,,2.8281,,,,50.00,,,,,,,7.84,50.00,,,,,,,,,,,0.1472,
01/31/14,P2,,,,,10.00,,,,,57.6,,,,65.7,3.4,47,,,,,,42.691,,,,50.00,,,,,,,7.79,50.00,,,,,,,,,,,0.1541,
01/31/14,P3,,,,,10.00,,,,,51.6,,,,59.1,2.7,37,,,,,,35.576,,,,50.00,,,,,,,7.81,50.00,,,,,,,,,,,0.1943,
01/31/14,P4,,,,,10.00,,,,,68.5,,,,91.7,2.6,91,,,,,,56.342,,,,59.70,,,,,,,7.8,50.00,,,,,,,,,,,0.2026,
01/31/14,P5,,,,,10.00,,,,,60,,,,81.6,3.4,43,,,,,,50.171,,,,52.7,,,,,,,7.74,50.00,,,,,,,,,,,0.1859,
01/31/14,P6,,,,,10.00,,,,,59.1,,,,96.5,1.00,25.00,,,,,,47.751,,,,55.2,,,,,,,7.84,50.00,,,,,,,,,,,0.1514,
04/29/14,P1,,827.00,,,10.00,,,1.00,,10.00,2.20E+03,5.40E+04,,20.00,0.90,41.00,,,,0.10,,1.36,,0.05,,50.00,0.00,0.014,,,,,8.19,50.00,,,,15.00,280.00,,,,10.40,,0.03,
04/29/14,P2,,805.90,,,10.00,,,1.00,,10.00,3.30E+03,7.90E+03,,20.00,1.05,33.00,,,,0.10,,1.29,,0.07,,50.00,0.00,0.009,,,,,8.30,50.00,,,,22.00,328.00,,,,10.00,,0.13,
04/29/14,P3,,916.20,,,10.00,,,1.00,,10.00,2.30E+03,1.10E+04,,20.00,0.90,41.00,,,,0.10,,1.43,,0.06,,50.00,0.00,0.005,,,,,8.40,50.00,,,,28.00,347.00,,,,11.60,,0.08,
04/29/14,P4,,"2,808.30",,,10.00,,,1.00,,24.20,9.40E+03,5.40E+04,,20.00,1.35,31.00,,,,0.18,,4.11,,0.16,,50.00,0.00,0.005,,,,,8.43,50.00,,,,134.00,497.00,,,,12.40,,0.08,
04/29/14,P5,,"1,683.00",,,10.00,,,1.00,,12.20,4.90E+03,3.50E+04,,20.00,0.95,27.00,,,,0.10,,2.24,,0.08,,50.00,0.00,0.007,,,,,8.29,50.00,,,,48.00,390.00,,,,10.40,,0.06,
04/29/14,P6,,"1,334.30",,,10.00,,,1.00,,15.50,7.80E+01,7.90E+02,,20.00,0.15,25.00,,,,0.05,,1.89,,0.03,,50.00,0.00,0.004,,,,,8.13,50.00,,,,47.00,513.00,,,,6.00,,0.05,
07/15/14,P1,,,,,10.00,,,,,10.00,2.40E+03,2.40E+03,,20.00,0.40,25.00,,,,,,0.22,,,,50.00,,,,,,,8.27,50.00,,,,,,,,,,,0.06,
07/15/14,P2,,,,,10.00,,,,,10.00,1.70E+02,1.70E+02,,20.00,0.50,25.00,,,,,,0.21,,,,50.00,,,,,,,8.29,50.00,,,,,,,,,,,0.08,
07/15/14,P3,,,,,10.00,,,,,10.00,4.90E+02,1.70E+03,,20.00,0.35,25.00,,,,,,0.19,,,,50.00,,,,,,,8.41,50.00,,,,,,,,,,,0.05,
07/15/14,P4,,,,,10.00,,,,,96.70,3.30E+02,7.00E+02,,20.00,0.95,25.00,,,,,,0.31,,,,50.00,,,,,,,8.52,50.00,,,,,,,,,,,0.05,
07/15/14,P5,,,,,10.00,,,,,10.00,3.30E+02,4.90E+02,,20.00,0.60,25.00,,,,,,0.70,,,,50.00,,,,,,,8.40,50.00,,,,,,,,,,,0.05,
07/15/14,P6,,,,,10.00,,,,,10.00,2.40E+02,2.40E+02,,20.00,0.40,25.00,,,,,,0.13,,,,50.00,,,,,,,8.02,50.00,,,,,,,,,,,0.05,
01/27/15,P1,,,,,10.00,,,,,18.30,5.40E+03,1.60E+04,,20.00,1.05,34.00,,,,,,2.70,,,,50.00,,,,,,,8.74,50.00,,,,,,,,,,,0.27,
01/27/15,P2,,,,,10.00,,,,,10.30,3.50E+03,1.60E+04,,20.00,1.10,36.00,,,,,,2.65,,,,50.00,,,,,,,8.72,50.00,,,,,,,,,,,0.05,
01/27/15,P3,,,,,10.00,,,,,13.30,3.50E+03,1.60E+04,,20.00,1.10,32.00,,,,,,3.50,,,,50.00,,,,,,,8.81,50.00,,,,,,,,,,,0.15,
01/27/15,P4,,,,,10.00,,,,,77.10,1.30E+04,3.50E+04,,68.40,4.10,45.00,,,,,,51.56,,,,62.70,,,,,,,8.61,50.00,,,,,,,,,,,0.20,
01/27/15,P5,,,,,10.00,,,,,11.10,1.60E+04,1.60E+04,,20.00,0.70,29.00,,,,,,5.13,,,,50.00,,,,,,,8.77,50.00,,,,,,,,,,,0.03,
01/27/15,P6,,,,,10.00,,,,,63.50,2.40E+02,2.40E+02,,85.90,0.50,25.00,,,,,,44.55,,,,54.50,,,,,,,8.78,50.00,,,,,,,,,,,0.13,
03/31/15,P1,,"4,583.70",,,10.00,,,1.00,,13.40,1.30E+04,9.20E+04,,20.00,1.25,40,,,,0.13,,4.65,,0.08,,50.00,0.07,0.002,,,,,8.09,50.00,,,,85.00,385.00,,,,34.00,,0.04,
03/31/15,P2,,"4,760.80",,,10.00,,,1.00,,12.30,1.70E+04,3.50E+04,,20.00,0.40,44,,,,0.12,,4.74,,0.09,,50.00,0.21,0.002,,,,,8.31,50.00,,,,180.00,374.00,,,,2.40,,0.04,
03/31/15,P3,,"9,566.70",,,10.00,,,1.00,,36.70,2.20E+04,2.80E+04,,20.00,0.55,26.00,,,,0.23,,9.91,,0.15,,50.00,0.08,0.002,,,,,8.30,50.00,,,,180.00,"4,780.00",,,,6.00,,0.05,
03/31/15,P4,,"19,096.00",,,10.00,,,1.00,,28.90,1.30E+04,5.40E+04,,28.80,0.55,37.00,,,,0.29,,21.04,,0.31,,50.00,0.09,0.002,,,,,8.33,50.00,,,,420.00,667.00,,,,40.40,,0.07,
03/31/15,P5,,"9,013.40",,,10.00,,,1.00,,13.50,9.20E+04,1.60E+05,,20.00,0.45,32.00,,,,0.14,,7.76,,0.10,,50.00,0.070,0.002,,,,,8.30,50.00,,,,98.00,403.00,,,,8.40,,0.05,
03/31/15,P6,,"4,251.50",,,10.00,,,1.00,,10.00,2.30E+03,4.90E+03,,20.00,0.10,25.00,,,,0.100,,5.09,,0.06,,50.00,0.070,0.002,,,,,8.37,50.00,,,,115.00,567.00,,,,55.60,,0.06,
07/07/15,P1,,,,,10.00,,,,,10.00,1.30E+03,3.30E+03,,20.00,0.60,25.00,,,,,,1.79,,,,50.00,,,,,,,7.55,50.00,,,,,,,,,,,0.02,
07/07/15,P2,,,,,10.00,,,,,10.00,1.30E+03,1.30E+03,,20.00,0.65,25.00,,,,,,1.97,,,,50.00,,,,,,,7.84,50.00,,,,,,,,,,,0.02,
07/07/15,P3,,,,,10.00,,,,,10.00,4.90E+03,4.90E+03,,20.00,0.50,25.00,,,,,,1.90,,,,50.00,,,,,,,7.92,50.00,,,,,,,,,,,0.02,
07/07/15,P4,,,,,10.00,,,,,10.00,1.30E+03,3.30E+03,,20.00,0.65,25.00,,,,,,1.31,,,,50.00,,,,,,,7.97,50.00,,,,,,,,,,,0.02,
07/07/15,P5,,,,,10.00,,,,,10.00,4.90E+03,7.90E+03,,20.00,0.55,25.00,,,,,,2.04,,,,50.00,,,,,,,7.94,50.00,,,,,,,,,,,0.02,
07/07/15,P6,,,,,10.00,,,,,47.00,3.30E+00,2.30E+03,,20.00,0.20,25.00,,,,,,0.85,,,,50.00,,,,,,,7.55,50.00,,,,,,,,,,,0.21,
10/13/15,P1,,119.10,,,10.00,,,1.00,,10.00,3.30E+02,1.30E+03,,20.00,0.85,50.00,,,,0.10,,0.11,,0.03,,50.00,0.01,0.002,,,,,8.39,50.00,,,,6.00,422.00,,,,11.60,,0.02,
10/13/15,P2,,235.10,,,10.00,,,1.00,,10.00,3.30E+01,4.60E+01,,20.00,1.10,32.00,,,,0.10,,0.22,,0.07,,50.00,0.01,0.002,,,,,8.42,50.00,,,,6.00,449.00,,,,7.20,,0.02,
10/13/15,P3,,302.10,,,10.00,,,1.00,,10.00,3.30E+02,1.10E+03,,20.00,0.90,25.00,,,,0.10,,0.24,,0.05,,50.00,0.01,0.002,,,,,8.58,50.00,,,,6.00,450.00,,,,8.00,,0.08,
10/13/15,P4,,200.50,,,10.00,,,1.00,,10.00,1.70E+01,3.30E+01,,20.00,0.80,25.00,,,,0.10,,0.20,,0.04,,50.00,0.01,0.002,,,,,8.59,50.00,,,,6.00,466.00,,,,10.00,,0.02,
10/13/15,P5,,246.10,,,10.00,,,1.00,,10.00,1.70E+01,1.70E+01,,20.00,0.95,25.00,,,,0.10,,0.22,,0.08,,50.00,0.02,0.002,,,,,8.46,50.00,,,,6.00,438.00,,,,7.20,,0.02,
10/13/15,P6,,,,,,,,,,,,,,,,,,,,,,,,,,,,,,,,,,,,,,,,,,,,,,
01/12/16,P1,,,,,10.00,,,,,10.00,3.30E+03,4.60E+03,,20.00,1.70,30.00,,,,,,2.43,,,,50.00,,,,,,,8.30,50.00,,,,,,,,,,,0.03,
01/12/16,P2,,,,,10.00,,,,,10.00,4.90E+03,7.90E+03,,20.00,2.00,37.00,,,,,,2.33,,,,50.00,,,,,,,7.98,50.00,,,,,,,,,,,0.04,
01/12/16,P3,,,,,10.00,,,,,10.00,2.80E+03,1.30E+04,,21.60,1.80,25.00,,,,,,2.45,,,,50.00,,,,,,,8.31,50.00,,,,,,,,,,,0.03,
01/12/16,P4,,,,,10.00,,,,,10.00,7.90E+03,2.20E+04,,20.00,1.60,25.00,,,,,,2.49,,,,50.00,,,,,,,8.32,50.00,,,,,,,,,,,0.03,
01/12/16,P5,,,,,10.00,,,,,10.00,4.90E+03,7.90E+03,,20.00,1.80,25.00,,,,,,2.37,,,,50.00,,,,,,,8.07,50.00,,,,,,,,,,,0.02,
01/12/16,P6,,,,,,,,,,,,,,,,,,,,,,,,,,,,,,,,,,,,,,,,,,,,,,
04/19/16,P1,,"1,250.70",,,10.00,,,1.00,,10.00,1.10E+03,1.10E+04,,20.00,0.80,40.00,,,,0.10,,1.62,,0.05,,50.00,0.16,0.016,,,,,8.06,50.00,,,,8.00,242.00,,,,18.40,,0.02,
04/19/16,P2,,999.60,,,10.00,,,1.00,,10.00,1.30E+03,2.30E+03,,20.00,0.60,36.00,,,,0.10,,1.53,,0.05,,50.00,0.10,0.013,,,,,7.77,50.00,,,,12.00,338.00,,,,12.80,,0.02,
04/19/16,P3,,"1,109.90",,,10.00,,,1.00,,10.00,7.00E+03,1.10E+04,,20.00,0.70,37.00,,,,0.10,,1.49,,0.04,,50.00,0.13,0.010,,,,,7.65,50.00,,,,9.00,277.00,,,,3.60,,0.02,
04/19/16,P4,,"1,636.80",,,10.00,,,1.00,,10.00,1.30E+03,4.60E+03,,20.00,1.00,27.00,,,,0.11,,2.34,,0.08,,50.00,0.12,0.041,,,,,7.53,50.00,,,,42.00,359.00,,,,2.80,,0.02,
04/19/16,P5,,"1,268.30",,,10.00,,,1.00,,10.00,1.30E+03,4.90E+03,,20.00,0.75,26.00,,,,0.10,,1.62,,0.05,,50.00,0.11,0.089,,,,,7.66,50.00,,,,8.00,273.00,,,,9.20,,0.02,
04/19/16,P6,,183.60,,,10.00,,,1.00,,10.00,7.90E+02,1.10E+03,,20.00,1.58,25.00,,,,0.10,,0.21,,0.01,,50.00,0.13,0.008,,,,,7.50,50.00,,,,6.00,550.00,,,,9.20,,0.04,
07/19/16,P1,,,,,10.00,,,,,10.00,6.80E+02,1.70E+03,,20.00,0.00,31.00,,,,,,0.40,,0.02,,50.00,,,,,,,8.23,50.00,,,,,,,,,,,0.02,
07/19/16,P2,,,,,10.00,,,,,10.00,6.10E+02,1.20E+03,,20.00,0.00,25.00,,,,,,0.34,,0.03,,50.00,,,,,,,8.28,50.00,,,,,,,,,,,0.03,
07/19/16,P3,,,,,10.00,,,,,10.00,4.50E+02,4.50E+02,,20.00,0.00,30.00,,,,,,0.32,,0.02,,50.00,,,,,,,8.45,50.00,,,,,,,,,,,0.03,
07/19/16,P4,,,,,10.00,,,,,10.00,6.80E+02,9.30E+02,,20.00,0.00,25.00,,,,,,0.41,,0.03,,50.00,,,,,,,8.37,50.00,,,,,,,,,,,0.05,
07/19/16,P5,,,,,10.00,,,,,10.00,4.50E+02,4.50E+02,,20.00,0.00,27.00,,,,,,0.40,,0.04,,50.00,,,,,,,8.31,50.00,,,,,,,,,,,0.03,
07/19/16,P6,,,,,10.00,,,,,10.00,3.30E+02,3.30E+02,,20.00,0.00,25.00,,,,,,0.08,,0.03,,50.00,,,,,,,7.57,50.00,,,,,,,,,,,0.02,
10/11/16,P1,,"1,634.60",,,10.00,,,1.00,,12.30,1.10E+03,1.70E+03,,20.00,1.10,53.00,,,,0.10,,1.59,,0.05,,50.00,1.09,0.006,,,,,8.39,50.00,,,,6.00,393.00,,,,3.20,,0.02,
10/11/16,P2,,"1,217.70",,,10.00,,,1.00,,10.10,2.30E+03,2.30E+03,,20.00,1.35,45.00,,,,0.10,,1.28,,0.09,,50.00,0.07,0.006,,,,,8.30,50.00,,,,6.00,381.00,,,,11.90,,0.02,
10/11/16,P3,,"1,195.70",,,10.00,,,1.00,,10.00,4.00E+02,2.20E+03,,20.00,1.20,21.00,,,,0.17,,1.18,,0.07,,50.00,0.02,0.003,,,,,8.38,50.00,,,,6.00,376.00,,,,14.80,,0.02,
10/11/16,P4,,921.70,,,10.00,,,1.00,,10.00,1.30E+03,1.30E+03,,20.00,1.00,29.00,,,,0.10,,0.88,,0.05,,50.00,0.03,0.010,,,,,8.40,50.00,,,,6.00,387.00,,,,7.60,,0.02,
10/11/16,P5,,"1,675.30",,,10.00,,,1.00,,10.40,1.70E+03,7.90E+03,,20.00,1.40,27.00,,,,0.10,,1.47,,0.09,,50.00,0.02,0.016,,,,,8.30,50.00,,,,6.00,382.00,,,,9.20,,0.02,
10/11/16,P6,,377.00,,,10.00,,,1.00,,10.00,7.90E+01,1.30E+02,,20.00,0.33,46.00,,,,0.10,,0.39,,0.05,,50.00,0.02,0.006,,,,,7.67,50.00,,,,6.00,556.00,,,,4.80,,0.03,
01/10/17,P1,,"6,098.40",,,10.00,,,,,12.90,1.30E+04,3.30E+04,,20.00,2.55,78.00,,,,,,6.68,,0.35,,50.00,,,,,,,7.75,50.00,,,,,,,,,,,0.03,
01/10/17,P2,,"7,269.90",,,10.00,,,,,13.20,1.10E+05,1.10E+05,,20.00,2.60,50.00,,,,,,8.12,,0.34,,50.00,,,,,,,7.71,50.00,,,,,,,,,,,0.03,
01/10/17,P3,,"9,938.50",,,10.00,,,,,15.30,7.00E+04,1.10E+05,,20.00,2.60,55.00,,,,,,10.81,,0.35,,50.00,,,,,,,7.73,50.00,,,,,,,,,,,0.04,
01/10/17,P4,,"9,901.10",,,10.00,,,,,17.20,3.30E+04,1.10E+05,,20.00,2.80,59.00,,,,,,11.31,,0.44,,50.00,,,,,,,7.77,50.00,,,,,,,,,,,0.06,
01/10/17,P5,,"7,866.10",,,10.00,,,,,13.50,1.30E+04,1.30E+04,,20.00,2.55,31.00,,,,,,8.68,,0.34,,50.00,,,,,,,7.74,50.00,,,,,,,,,,,0.03,
01/10/17,P6,,322.60,,,10.00,,,,,10.00,3.30E+02,3.30E+02,,20.00,0.40,25.00,,,,,,0.40,,0.01,,50.00,,,,,,,8.03,50.00,,,,,,,,,,,0.02,
04/18/17,P1,,"1,394.80",,,10.00,,,1.00,,10.00,7.90E+02,3.50E+03,,20.00,0.70,34.00,,,,0.29,,1.86,,0.08,,50.00,0.72,0.010,,,,,8.17,50.00,,,,7.00,271.00,,,,3.60,,0.04,
04/18/17,P2,,"1,401.40",,,10.00,,,1.00,,10.00,4.90E+02,4.90E+02,,20.00,0.25,31.00,,,,0.10,,1.91,,0.11,,50.00,0.29,0.007,,,,,8.12,50.00,,,,10.00,271.00,,,,2.00,,0.02,
04/18/17,P3,,"1,276.00",,,10.00,,,1.00,,10.00,2.30E+02,2.30E+02,,20.00,0.40,31.00,,,,0.10,,1.67,,0.09,,50.00,0.16,0.007,,,,,8.10,50.00,,,,11.00,297.00,,,,2.80,,0.02,
04/18/17,P4,,"2,392.50",,,10.00,,,1.00,,10.00,4.90E+02,4.90E+02,,20.00,0.15,33.00,,,,0.10,,2.53,,0.11,,50.00,0.16,0.006,,,,,8.16,50.00,,,,20.00,329.00,,,,7.60,,0.02,
04/18/17,P5,,"2,492.60",,,10.00,,,1.00,,10.00,1.30E+03,2.40E+03,,20.00,0.30,41.00,,,,0.10,,0.25,,0.11,,50.00,0.16,0.007,,,,,8.03,50.00,,,,18.00,294.00,,,,6.80,,0.03,
04/18/17,P6,,700.70,,,10.00,,,1.00,,10.00,4.90E+02,7.90E+02,,20.00,0.03,35.00,,,,0.10,,0.61,,0.04,,50.00,0.13,0.002,,,,,8.10,50.00,,,,4.00,502.00,,,,5.60,,0.02,
07/18/17,P1,,,,,10.00,,,,,11.80,,,,20.00,0.50,25.00,,,,,,0.35,,0.03,,50.00,,,,,,,7.69,50.00,,,,,,,,,,,0.03,
07/18/17,P2,,,,,10.00,,,,,10.00,,,,20.00,0.55,25.00,,,,,,0.33,,0.05,,50.00,,,,,,,7.64,50.00,,,,,,,,,,,0.03,
07/18/17,P3,,,,,10.00,,,,,10.00,,,,20.00,0.60,25.00,,,,,,0.28,,0.04,,50.00,,,,,,,7.78,50.00,,,,,,,,,,,0.04,
07/18/17,P4,,,,,10.00,,,,,10.00,,,,20.00,0.50,25.00,,,,,,0.19,,0.05,,50.00,,,,,,,7.84,50.00,,,,,,,,,,,0.04,
07/18/17,P5,,,,,10.00,,,,,10.00,,,,20.00,0.60,25.00,,,,,,0.16,,0.01,,50.00,,,,,,,7.74,50.00,,,,,,,,,,,0.02,
07/18/17,P6,,,,,10.00,,,,,10.00,,,,20.00,0.70,25.00,,,,,,0.33,,0.05,,50.00,,,,,,,7.87,50.00,,,,,,,,,,,0.03,
10/17/17,P1,,294.80,,,10.00,,,1.00,,10.00,4.50E+02,1.10E+03,,20.00,1.00,25.00,,,,0.10,,0.31,,0.03,,50.00,0.03,0.002,,,,,8.05,50.00,,,,6.00,442.00,,,,10.00,,0.29,
10/17/17,P2,,212.60,,,10.00,,,1.00,,10.00,2.00E+02,2.00E+02,,20.00,0.85,25.00,,,,0.10,,0.18,,0.10,,50.00,0.05,0.002,,,,,7.89,50.00,,,,7.00,455.00,,,,4.40,,0.04,
10/17/17,P3,,149.70,,,10.00,,,1.00,,10.00,7.80E+02,1.10E+03,,20.00,0.38,27.00,,,,0.10,,0.18,,0.04,,50.00,0.04,0.002,,,,,8.03,50.00,,,,6.00,459.00,,,,10.40,,0.08,
10/17/17,P4,,260.20,,,10.00,,,1.00,,10.00,1.40E+03,1.40E+03,,20.00,0.40,25.00,,,,0.10,,0.31,,0.02,,50.00,0.05,0.002,,,,,8.08,50.00,,,,6.00,482.00,,,,12.00,,0.07,
10/17/17,P5,,304.00,,,10.00,,,1.00,,10.00,7.80E+02,7.80E+02,,20.00,0.60,25.00,,,,0.10,,0.27,,0.09,,50.00,0.03,0.002,,,,,7.82,50.00,,,,6.00,445.00,,,,16.80,,0.02,
10/17/17,P6,,202.40,,,10.00,,,1.00,,10.00,4.90E+02,5.40E+03,,20.00,0.50,25.00,,,,0.10,,0.19,,0.07,,50.00,0.05,0.002,,,,,7.13,50.00,,,,6.00,510.00,,,,5.20,,0.03,
01/09/18,P1,,"1,400.30",,,10.00,,,1.00,,11.60,2.20E+03,4.90E+03,,20.00,0.60,35.00,,,,0.10,,1.44,,0.08,,50.00,0.09,0.008,,,,,8.10,50.00,,,,9.00,324.00,,,,8.40,,0.09,
01/09/18,P2,,"1,377.20",,,10.00,,,1.00,,10.00,4.90E+03,7.00E+03,,20.00,0.70,28.00,,,,0.10,,1.29,,0.11,,50.00,0.21,0.007,,,,,7.96,50.00,,,,8.00,344.00,,,,5.20,,0.08,
01/09/18,P3,,"1,269.40",,,10.00,,,1.00,,10.00,6.80E+02,3.30E+03,,20.00,0.50,25.00,,,,0.10,,1.44,,0.15,,50.00,0.10,0.006,,,,,8.08,50.00,,,,11.00,383.00,,,,6.80,,0.04,
01/09/18,P4,,"1,361.80",,,10.00,,,1.00,,14.40,3.30E+03,1.30E+04,,20.00,0.60,25.00,,,,0.10,,1.56,,0.08,,50.00,0.15,0.012,,,,,8.14,50.00,,,,22.00,411.00,,,,3.20,,0.08,
01/09/18,P5,,"1,397.00",,,10.00,,,1.00,,10.00,7.90E+02,3.30E+03,,20.00,0.65,29.00,,,,0.10,,1.44,,0.10,,50.00,0.11,0.007,,,,,8.08,50.00,,,,17.00,367.00,,,,17.60,,0.11,
01/09/18,P6,,352.90,,,10.00,,,1.00,,10.00,1.30E+03,1.30E+03,,20.00,0.18,25.00,,,,0.10,,0.48,,0.02,,50.00,0.15,0.002,,,,,8.10,50.00,,,,8.00,549.00,,,,31.20,,0.07,
04/03/18,P1,,"8,384.20",,,10.00,,,1.00,,19.00,3.30E+03,3.30E+03,,20.00,3.40,79.00,,,,0.30,,8.66,,0.26,,50.00,0.25,0.016,,,,,7.12,50.00,,,,230.00,515.00,,,,8.00,,0.08,
04/03/18,P2,,"7,846.30",,,10.00,,,1.00,,18.70,1.70E+04,1.70E+04,,20.00,3.05,72.00,,,,0.33,,8.37,,0.26,,50.00,0.10,0.026,,,,,7.22,50.00,,,,198.00,496.00,,,,6.80,,0.05,
04/03/18,P3,,"7,751.70",,,10.00,,,1.00,,14.30,4.90E+03,4.90E+03,,20.50,2.80,74.00,,,,0.35,,8.40,,0.24,,50.00,0.07,0.020,,,,,7.23,50.00,,,,180.00,501.00,,,,12.00,,0.05,
04/03/18,P4,,"10,785.50",,,10.00,,,1.07,,21.80,1.30E+03,1.70E+03,,20.00,3.53,90.00,,,,0.39,,13.08,,0.31,,50.00,0.05,0.022,,,,,7.35,50.00,,,,290.00,571.00,,,,10.40,,0.08,
04/03/18,P5,,"8,635.00",,,10.00,,,1.00,,14.50,1.30E+04,1.30E+04,,20.00,3.10,79.00,,,,0.32,,9.01,,0.25,,50.00,0.11,0.017,,,,,7.33,50.00,,,,198.00,510.00,,,,2.80,,0.05,
04/03/18,P6,,747.80,,,10.00,,,1.00,,10.00,2.20E+03,2.20E+03,,20.00,0.30,25.00,,,,0.10,,1.16,,0.02,,50.00,0.19,0.014,,,,,7.70,50.00,,,,15.00,417.00,,,,25.60,,0.04,
07/17/18,P1,,,,,10.00,,,,,10.00,3.30E+02,4.90E+02,,20.00,1.00,25.00,,,,,,0.34,,0.04,,50.00,,,,,,,8.34,50.00,,,,,,,,,,,0.02,
07/17/18,P2,,,,,10.00,,,,,10.00,2.20E+02,4.90E+02,,20.00,1.00,25.00,,,,,,0.30,,0.04,,50.00,,,,,,,8.40,50.00,,,,,,,,,,,0.02,
07/17/18,P3,,,,,10.00,,,,,10.00,4.90E+02,4.90E+02,,20.00,1.00,25.00,,,,,,0.07,,0.02,,50.00,,,,,,,8.47,50.00,,,,,,,,,,,0.02,
07/17/18,P4,,,,,10.00,,,,,10.00,2.20E+03,2.20E+03,,20.00,1.00,25.00,,,,,,0.08,,0.03,,50.00,,,,,,,8.49,50.00,,,,,,,,,,,0.02,
07/17/18,P5,,,,,10.00,,,,,10.00,1.10E+03,1.10E+03,,20.00,1.00,25.00,,,,,,0.09,,0.03,,50.00,,,,,,,8.39,50.00,,,,,,,,,,,0.02,
07/17/18,P6,,,,,10.00,,,,,10.00,3.30E+02,1.30E+03,,20.00,1.00,25.00,,,,,,0.10,,0.02,,50.00,,,,,,,8.10,50.00,,,,,,,,,,,0.02,
10/30/18,P1,,608.30,,,10.00,,,1.00,,10.00,1.70E+03,1.70E+03,,20.00,1.95,26.00,,,,0.10,,0.60,,0.09,,50.00,0.71,0.002,,,,,8.70,50.00,,,,18.00,517.00,,,,4.40,,0.02,
10/30/18,P2,,815.50,,,10.00,,,1.00,,10.00,3.50E+03,3.50E+03,,20.00,2.20,25.00,,,,0.10,,0.85,,0.23,,50.00,0.08,0.002,,,,,8.38,50.00,,,,31.00,532.00,,,,7.60,,0.02,
10/30/18,P3,,485.80,,,10.00,,,1.00,,20.00,5.40E+03,5.40E+03,,10.00,1.95,25.00,,,,0.10,,0.51,,0.09,,50.00,0.12,0.002,,,,,8.94,50.00,,,,19.00,514.00,,,,13.60,,0.02,
10/30/18,P4,,648.20,,,10.00,,,1.00,,20.00,5.40E+03,9.20E+03,,10.00,2.30,25.00,,,,0.11,,0.72,,0.09,,50.00,0.22,0.002,,,,,8.92,50.00,,,,22.00,536.00,,,,8.40,,0.02,
10/30/18,P5,,763.80,,,10.00,,,1.00,,20.00,7.90E+01,7.90E+01,,10.00,1.60,25.00,,,,0.10,,0.76,,0.18,,50.00,0.06,0.002,,,,,8.57,50.00,,,,27.00,531.00,,,,4.40,,0.02,
10/30/18,P6,,43.50,,,10.00,,,1.00,,20.00,1.70E+03,3.50E+03,,10.00,0.40,25.00,,,,0.10,,0.07,,0.74,,50.00,0.12,0.002,,,,,7.58,50.00,,,,6.00,571.00,,,,0.00,,0.02,
01/22/19,P1,,,,,10.00,,,,,10.00,4.50E+02,4.50E+02,,20.00,1.35,25.00,,,,,,0.28,,0.07,,50.00,,,,,,,8.41,50.00,,,,,,,,,,,0.03,
01/22/19,P2,,,,,10.00,,,,,10.00,4.50E+02,7.80E+02,,20.00,0.85,25.00,,,,,,0.32,,0.11,,50.00,,,,,,,8.22,50.00,,,,,,,,,,,0.06,
01/22/19,P3,,,,,10.00,,,,,38.65,2.00E+03,2.00E+03,,21.91,1.03,25.00,,,,,,0.84,,0.06,,50.00,,,,,,,8.45,50.00,,,,,,,,,,,0.04,
01/22/19,P5,,,,,10.00,,,,,10.00,3.50E+03,5.40E+03,,20.00,1.10,25.00,,,,,,0.20,,0.06,,50.00,,,,,,,7.76,50.00,,,,,,,,,,,0.02,
01/22/19,P6,,,,,10.00,,,,,10.00,2.00E+03,2.00E+03,,20.00,0.20,25.00,,,,,,0.12,,0.02,,50.00,,,,,,,8.44,50.00,,,,,,,,,,,0.02,
04/23/19,P1,,"14,157.00",,,10.00,,,1.00,,23.84,1.30E+04,2.20E+04,,20.00,4.00,64.00,,,,0.31,,13.78,,0.23,,50.00,0.11,0.00,,,,,8.17,50.00,,,,113.00,459.00,,,,18.40,,0.05,
04/23/19,P2,,"14,520.00",,,10.00,,,1.00,,34.50,1.10E+04,1.10E+04,,20.00,4.00,69.00,,,,0.26,,14.28,,0.26,,50.00,0.10,0.00,,,,,8.10,50.00,,,,176.00,476.00,,,,28.40,,0.05,
04/23/19,P3,,"10,436.80",,,10.00,,,1.00,,73.67,3.30E+04,3.30E+04,,20.00,4.00,64.00,,,,0.27,,12.88,,0.22,,50.00,0.06,0.00,,,,,8.18,50.00,,,,120.00,461.00,,,,18.40,,0.14,
04/23/19,P4,,"11,979.00",,,10.00,,,1.00,,32.40,4.90E+04,4.90E+04,,21.47,3.00,64.00,,,,0.30,,13.89,,0.26,,50.00,0.16,0.00,,,,,8.13,50.00,,,,194.00,514.00,,,,22.80,,0.11,
04/23/19,P5,,154.44,,,10.00,,,1.00,,10.00,4.90E+02,3.50E+03,,20.00,0.20,25.00,,,,0.10,,0.20,,0.21,,50.00,0.06,0.00,,,,,8.09,50.00,,,,6.00,549.00,,,,6.00,,0.04,
04/23/19,P6,,"13,772.00",,,10.00,,,1.00,,28.78,7.80E+03,1.70E+04,,20.00,4.00,69.00,,,,0.27,,14.47,,0.26,,50.00,0.10,0.00,,,,,8.09,50.00,,,,177.00,472.00,,,,12.40,,0.08,
08/27/19,P1,,,,,10.00,,,,,14.34,7.00E+02,1.10E+03,,20.00,1.75,25.00,,,,,,0.23,,0.02,,50.00,,,,,,,8.33,50.00,,,,,,,,,,,0.03,
08/27/19,P2,,,,,10.00,,,,,14.25,2.30E+02,4.90E+02,,20.00,2.25,25.00,,,,,,0.24,,0.03,,50.00,,,,,,,8.27,50.00,,,,,,,,,,,0.07,
08/27/19,P3,,,,,10.00,,,,,11.03,4.90E+02,1.70E+03,,20.00,2.00,25.00,,,,,,0.33,,0.04,,50.00,,,,,,,8.23,50.00,,,,,,,,,,,0.02,
08/27/19,P4,,,,,10.00,,,,,10.00,1.60E+04,1.60E+04,,20.00,1.85,25.00,,,,,,0.13,,0.02,,50.00,,,,,,,8.37,50.00,,,,,,,,,,,0.02,
08/27/19,P5,,,,,10.00,,,,,10.00,3.50E+03,5.40E+03,,20.00,1.95,25.00,,,,,,0.18,,0.02,,50.00,,,,,,,8.42,50.00,,,,,,,,,,,0.02,
08/27/19,P6,,,,,10.00,,,,,10.00,2.30E+01,2.30E+01,,20.00,2.20,25.00,,,,,,1.62,,0.05,,50.00,,,,,,,7.41,50.00,,,,,,,,,,,0.02,
10/22/19,P1,,"3,008.50",,,10.00,,,1.00,,10.00,1.70E+04,2.70E+04,,20.00,2.80,59.00,,,,0.10,,2.48,,0.05,,50.00,0.22,257.50,,,,,8.04,50.00,,,,12.00,306.00,,,,8.50,,0.10,
10/22/19,P2,,"3,021.70",,,10.00,,,1.00,,10.00,2.00E+03,9.10E+03,,20.00,1.30,40.00,,,,0.10,,2.57,,0.07,,50.00,0.10,49.92,,,,,8.13,50.00,,,,30.00,302.00,,,,9.50,,0.04,
10/22/19,P3,,"3,173.50",,,10.00,,,1.00,,10.00,2.00E+03,4.50E+03,,20.00,1.40,58.00,,,,0.10,,2.66,,0.07,,50.00,0.08,61.58,,,,,8.11,50.00,,,,11.00,300.00,,,,10.00,,0.05,
10/22/19,P4,,"4,551.80",,,10.00,,,1.00,,10.00,2.30E+04,3.30E+04,,20.00,1.25,62.00,,,,0.10,,4.02,,0.12,,50.00,0.13,42.42,,,,,8.12,50.00,,,,40.00,383.00,,,,11.00,,0.10,
10/22/19,P5,,"3,054.70",,,10.00,,,1.00,,10.00,4.90E+03,4.90E+03,,20.00,1.10,51.00,,,,0.10,,2.59,,0.07,,50.00,0.12,49.92,,,,,8.14,50.00,,,,6.00,309.00,,,,10.50,,0.05,
10/22/19,P6,,334.62,,,10.00,,,1.00,,10.00,1.10E+03,2.70E+03,,20.00,0.40,25.00,,,,0.10,,0.35,,0.01,,50.00,0.08,23.25,,,,,7.93,50.00,,,,6.00,420.00,,,,16.00,,0.05,
07/09/20,P1,,807.84,,,10.00,,,1.00,,10.00,No hay crecimiento,4.50E+03,,20.00,1.75,25.00,,,,0.10,,0.91465,,0.050798,,50.00,0.152,0.008,,,,,8.39,50.00,,,,6,359,,,,4.8,,0.19525,
07/09/20,P2,,930.05,,,10.00,,,1.07,,10.00,2.30E+03,2.30E+03,,20.00,1.90,25,,,,0.10,,1.012,,0.075801,,50.00,0.068,0.002,,,,,8.29,50.00,,,,6,371,,,,10.8,,0.08514,
07/09/20,P3,,719.62,,,10.00,,,1.07,,10.00,1.10E+04,1.40E+04,,20.00,1.90,28,,,,0.10,,0.85118,,0.05995,,50.00,0.01,0.002,,,,,8.47,50.00,,,,7,384,,,,0,,0.064735,
07/09/20,P4,,1325.5,,,10.00,,,1.07,,10.00,2.00E+03,2.20E+04,,20.00,1.70,23,,,,0.10,,1.4212,,0.070543,,50.00,0.01,0.002,,,,,8.44,50.00,,,,12,408,,,,6.8,,0.046365,
07/09/20,P5,  ,841.61,,,10.00,,,1.07,,10.00,1.70E+03,1.30E+04,,20.00,1.75,35,,,,0.11,,0.92257,,0.071544,,50.00,0.01,0.030,,,,,8.4,50.00,,,,11,368,,,,10.8,,0.034958,
07/09/20,P6,,138.38,,,10.00,,,1.07,,10.00,3.30E+02,1.40E+03,,20.00,1.10,25.00,,,,0.10,,0.15411,,0.01004,,50.00,0.01,0.002,,,,,8.17,50.00,,,,6.00,464,,,,5.6,,0.02,
09/24/01,LN1,"8,517.50",,,,35.90,"1,846.00",,,"2,148.00",,1.10E+07,1.10E+07,17.04,"1,274.60","1,275.00","47,678.00",,,,15.00,,165.22,888.00,52.96,,"2,628.00",,,,156.30,,4.40,6.45,54.10,"1,180.40","1,169.60",,386.00,"35,161.00",,586.30,,,,,
10/22/01,LN1,,,,,8.20,"10,260.00",,,"2,491.80",,,,18.59,698.00,,"56,448.00",,,"15,244.00",14.50,,0.18,"4,984.00",63.70,,"1,751.80",,,,546.50,,249.50,5.48,174.10,976.40,"1,166.40",,395.00,"34,886.00",,"1,018.00",,,,,
03/11/02,LN1,,,,,0.50,,,,"2,148.10",,,,23.84,542.70,"27,125.00","57,851.00",,,,8.80,,0.29,,84.60,,"1,332.00",,,,"1,066.00",,253.60,6.03,28.57,"1,413.40","1,069.40",,"1,265.00","34,080.00",,535.00,,,700.00,,
11/06/02,LN1,"3,333.10",,,,,"1,058.90",,,945.20,,1.70E+05,1.30E+06,21.50,341.60,"10,900.00","21,213.00","2,647.30",,"3,721.30",10.80,,1.50,261.00,,,520.20,0.55,20.00,,239.90,,20.60,6.21,,477.90,525.20,,392.00,"13,368.00",,181.00,,,,,
12/04/02,LN1,"14,374.10",,,,,"2,891.00",,,"2,795.40",,,,53.10,745.70,,,"7,227.00",,"10,197.00",10.40,,1.90,722.00,,,"1,793.00",,,,490.00,,21.30,6.84,,"1,633.80","1,441.20",,"1,828.00","36,016.00",,885.50,,,430.00,,
03/31/03,LN1,"7,202.00",,,,,,,,"1,818.70",,1.70E+04,1.10E+05,19.47,"1,020.00","43,774.00",,"5,252.00",,"8,080.00",,,2.55,,,,,0.90,50.00,,934.80,,,6.76,,"1,065.90","1,138.40",,833.00,"25,884.00",,488.00,,,2596 (FAU),,
04/28/03,LN1,"8,635.00",,,,,"1,777.60",,,"2,180.00",,9.00E+03,2.20E+06,17.76,639.00,"22,250.00","41,819.00","4,444.00",,"6,918.50",15.00,,2.00,601.30,36.40,,786.80,1.70,90.00,,982.00,,,6.86,,"1,323.60","1,132.80",,816.00,"21,864.00",,421.50,,,2163 (FAU),,
07/23/03,LN1,"9,384.00",,,,,"2,464.40",,,"2,205.40",,<2,9.00E+03,24.40,402.40,"29,750.00",,"6,161.00",,"8,585.00",,,4.00,589.00,,,"1,348.20",0.80,30.00,,"1,038.70",,,6.94,,"1,861.80","1,578.80",,"1,136.00","31,514.00",,694.00,,,2330 (FAU),,
09/24/03,LN1,"11,679.00",,,,0.50,"2,161.40",,,"2,492.00",,<2,9.00E+04,31.10,544.00,"26,000.00","52,406.00","5,403.50",,"8,332.50",18.00,,2.87,711.70,50.60,,"1,638.40",0.80,40.00,,"1,487.00",,415.00,6.47,"1,049.00","1,956.20","1,670.60",,"2,085.00","31,364.00",,578.00,,,2996 (FAU),,
12/08/03,LN1,"6,772.80",,,,482.80,"1,920.00",,,"2,148.10",,2.40E+03,8.00E+03,,625.40,"30,000.00","35,529.00","4,800.00",,"7,400.00",19.04,,,631.80,33.50,,"1,312.00",,,,"1,284.20",,114.30,,501.40,"1,740.60","1,224.60",,"1,200.00","26,024.00",,277.20,,,,,
12/08/03,LN1,"11,354.40",,,,382.40,"2,720.00",,,"1,919.00",,2.00E+00,1.60E+04,,510.00,"31,750.00","54,727.00","6,800.00","2,500.00","9,300.00",26.18,,,607.50,38.30,,"1,729.60",,,,"1,432.00",,175.00,,"1,026.00","1,646.20","1,345.00",,"2,857.00","32,856.00",,675.00,,,,,
02/16/04,LN1,"12,350.00",,,,3.30,"2,700.00",,,"2,434.50",,<2,5.00E+04,,264.80,"39,000.00","54,388.00","6,750.00","3,325.00","10,075.00",17.00,,,808.00,45.90,,"1,319.00",,,,"1,656.60",,5.60,,312.80,"1,976.00","1,634.00",,"2,345.00","32,644.00",,542.00,,,,,
10/11/04,LN1,"8,678.50","4,260.00",< 8,"8,678.50",58.80,,0.00,,,77.40,1.60E+06,1.60E+06,,183.90,"23,250.00","53,519.00",,,,13.95,0.00,54.00,,2.92,,438.20,,,,,700.34,,7.84,"1,540.00",,,3.00,756.00,"19,272.00",,*,32.00,49.30,,7.54,
05/02/05,LN1,"5,907.00",,,,14.40,413.72,,,"1,451.20",,5.00E+04,1.70E+05,,128.30,"6,150.00","9,807.00","1,034.30","1,231.20","2,265.50",11.95,,,299.18,4.66,,384.00,,,,884.42,,0.00,,240.00,939.70,862.10,,672.00,"10,308.00",,182.80,,,,,
10/12/05,LN1,"4,052.43",,,," < 0,5",147.75,,,"1,827.44",,5.00E+05,9.00E+05,,83.20,,"2,549.00",369.37,960.38,"1,329.75",9.43,,,233.37,0.20,,106.10,,,,"1,264.12",,64.00,8.14,109.10,478.50,539.90,,64.00,"8,194.00",,15.20,,,,,
10/26/05,LN1,,,,,,,,,,,,,,,310.00,,,,,,,,,,,,,,,,,,,,,,,,,,,,,,,
01/11/06,LN1,"7,908.00",,,,19.40,238.22,,,"1,612.45",,1.30E+05,2.40E+05,,191.60,"10,400.00","17,087.00",595.56,"1,464.08","2,059.64",10.39,,,355.77,3.12,,416.00,,,,"1,228.54",,92.45,7.65,418.00,"1,111.40","1,213.00",,"1,004.00","15,600.00",,23.41,,,,,
04/03/06,LN1,,,345.80,,64.40,,,,,90.20,8.00E+03,5.00E+04,,80.60,"3,050.00","4,753.00",,,,,,11.37,,0.47,,259.20,,,,,,,8.09,218.60,,,,,,,,,,,4.49,
06/28/06,LN1,"9,126.06",385.60,408.00,"7,998.12",15.80,,"1,127.94",,,73.60,7.90E+02,2.40E+03,,204.40,"3,025.00","6,535.00",,,,12.24,0.00,0.09,,0.50,,359.80,,,,,"1,613.00",,8.30,311.20,,,0.50,124.00,"10,682.00",,6.00,140.00,15.60,176.00,1.82,
09/25/06,LN1,,,700.00,,19.00,,,,,54.60,9.20E+05,"> 1,60E+06",,116.10,,"2,072.00",,,,,,3.66,,0.42,,269.80,,,,,,,8.40,133.20,,,,,,,,,,,0.94,
10/11/06,LN1,,,,,,,,,,,,,,,580.00,"2,628.00",,,,,,,,,,,,,,,,,,,,,,,,,,,,,,
01/03/07,LN1,"8,903.80","4,774.00",,"8,903.80",26.00,,0.00,,,120.20,1.30E+06,2.40E+06,,231.80,"12,750.00","16,731.00",,,,11.80,0.00,38.34,,3.84,,343.00,,,,,"1,551.56",,7.62,176.20,,,2.75,"1,384.00","14,898.00",,Interferencia,0.00,20.00,,2.55,
03/28/07,LN1,,,,,16.40,,,,,68.40,2.00E+03,2.20E+04,,163.20,"12,125.00","22,112.00",,,,,,64.14,,3.47,,394.40,,,,,,,7.27,144.20,,,,,,,,,,,2.55,
07/09/07,LN1,"8,332.40","1,358.40",,"8,332.40",32.80,,0.00,,,55.20,7.80E+03,1.30E+04,,172.60,"15,250.00","21,401.00",,,,20.05,0.00,80.12,,1.05,,601.40,,,,,"1,614.60",,7.65,267.20,,,7.50,"1,390.00","17,226.00",,356.70,92.80,14.00,,3.16,
09/17/07,LN1,,,,,43.80,,,,,54.60," < 1,8",1.40E+04,,184.60,"19,375.00","24,555.00",,,,,,94.08,,9.96,,845.20,,,,,,,7.40,258.60,,,,,,,,,,,2.92,
12/12/07,LN1,"7,190.46",862.60,,"6,992.92",19.80,,197.54,,,25.50,3.50E+05,3.50E+05,,185.80,"14,875.00","20,213.00",,,,,0.00,67.04,,2.98,,504.80,,,,,"1,785.99",,8.46,358.80,,,7.00,744.00,"17,037.00",,93.00,77.60,52.00,,2.29,
03/12/08,LN1,,,,,16.60,,,,,36.80,5.40E+06,1.70E+07,,134.20,"6,000.00","9,805.00",,,,,,15.01,,1.48,,301.80,,,,,,,8.10,101.00,,,,,,,,,,,0.95,
06/11/08,LN1,"8,980.07","1,611.80",,"8,980.07",25.40,,0.00,,,64.40,2.40E+05,3.50E+05,,300.00,"14,250.00","18,390.00",,,,21.48,0.00,68.12,,11.17,,507.40,,,,,"1,601.92",,7.47,217.40,,,7.00,"1,127.00","15,476.00",,752.00,,,,2.58,
09/10/08,LN1,,,,,20.80,,,,,43.90,4.00E+03,2.20E+04,,223.40,"4,600.00","7,466.00",,,,,,19.69,,1.90,,359.20,,,,,,,8.01,178.80,,,,,,,,,,,1.68,
10/22/08,LN1,"9,489.80",935.80,,"7,736.24",13.50,,"1,753.56",,,45.20,1.70E+03," > 1,6E+06",,177.16,"1,625.00","4,510.00",,,,16.78,0.00,9.07,,0.63,,342.40,,,,,"2,050.62",,8.38,120.74,,,0.30,72.00,"10,118.00",,37.40,,17.00,,1.10,
01/12/09,LN1,,,,,14.00,,,,,41.12,1.40E+05,7.90E+05,,111.14,"2,550.00","5,029.00",,,,,,13.56,,2.22,,228.00,,,,,,,8.09,150.80,,,,,,,,,,,0.57,
04/06/09,LN1,"9,462.98",525.30,,"8,053.60",6.70,,"1,409.38",,,29.00,2.30E+03,7.00E+04,,82.80,"3,525.00","7,143.00",,,,14.35,0.00,8.05,,0.68,,170.60,,,,,"1,606.69",,8.33,77.30,,,1.20,284.00,"11,444.00",,,,16.00,,332.00,
06/24/09,LN1,,,,,9.40,,,,,25.60,2.20E+03,5.40E+03,,163.20,"1,650.00","3,346.00",,,,,,3.95,,0.33,,285.20,,,,,,,8.24,113.80,,,,,,,,,,,0.51,
06/24/09,LN2,,,,,38.60,,,,,137.00,1.10E+05,1.10E+05,,843.60,,"49,416.00",,,,,,190.54,,23.56,,"1,150.40",,,,,,,5.78,375.80,,,,,,,,,,,9.44,
10/05/09,LN1,"10,125.00",289.60,,"7,492.50",14.20,,"2,632.50",,,26.20,2.00E+01,3.50E+04,,157.20,,"3,118.00",,,,13.61,0.00,3.76,,0.22,,408.80,,,,,"2,052.54",,8.35,120.60,,,0.10,26.00,"9,292.00",,55.34,,22.00,,0.53,
10/05/09,LN2,"7,897.50","1,384.40",,"7,897.50",63.60,,0.00,,,117.40,"< 1,8",2.30E+03,,347.80,,"77,186.00",,,,21.79,0.00,341.50,,36.10,,"1,549.80",,,,,"2,330.37",,5.82,600.00,,,0.30,134.00,"41,364.00",,"1,512.70",,39.00,,12.59,
12/28/09,LN1,,,,,13.80,,,,,31.80,1.20E+03,3.50E+04,,182.00,"2,265.00",,,,,,,3.74,,0.56,,313.60,,,,,,,8.02,146.60,,,,,,,,,,,0.45,
12/28/09,LN2,,,,,52.80,,,,,140.40,2.00E+02,2.30E+04,,663.80,,"64,202.00",,,,,,309.40,,28.84,,"1,117.20",,,,,,,5.70,603.60,,,,,,,,,,,11.88,
02/03/10,LN1,"8,403.75",654.60,,"2,733.75","1,632.00",,"5,670.00",,,"2,414.00",2.60E+03,2.60E+03,,203.80,200.00,"2,495.00",,,,17.03,0.00,4.55,,0.34,,407.60,,,,,"2,015.47",,8.30,136.00,,,0.10,130.00,"9,026.00",,98.10,,71.00,,0.51,
02/03/10,LN2,"10,530.00","2,780.00",,"10,530.00",79.60,,0.00,,,196.00,"< 1,8","< 1,8",,466.80,,"76,437.00",,,,34.31,0.00,394.00,,35.60,,"1,501.40",,,,,"2,363.47",,5.70,670.40,,,0.80,316.00,"44,908.00",,"1,826.50",,223.00,,19.96,
08/10/10,LN1,"8,039.20",522.80,,"2,813.72",11.60,,"5,225.48",,,29.00,2.30E+02,4.60E+03,,< 50,161.00,"2,016.00",,,,18.52,0.00,3.70,,,,333.60,,,,,"1,716.37",,8.32,106.80,,,0.20,107.00,"8,141.00",,212.10,,72.00,,0.31,
08/10/10,LN2,"12,531.97","3,064.00",,"12,531.97",43.40,,0.00,,,106.20,5.40E+04,5.40E+04,,261.00,"31,500.00","54,545.00",,,,31.75,0.00,235.40,,,,970.40,,,,,"2,082.15",,6.05,424.40,,,1.50,"2,070.00","31,159.00",,580.50,,9.00,,5.83,
12/06/10,LN1,,,,,< 20,,,,,48.80,2.20E+02,1.70E+03,,193.20,146.00,"2,082.00",,,,,,4.10,,0.31,,353.60,,,,,,,8.27,181.20,,,,,,,,,,,0.46,
12/06/10,LN2,,,,,39.80,,,,,138.60,9.20E+04,9.20E+04,,253.80,"34,000.00","49,402.00",,,,,,160.20,,15.52,,884.80,,,,,,,6.80,493.80,,,,,,,,,,,6.67,
03/23/11,LN1,"4,565.93",641.20,,"3,963.83",<20,,602.10,,,32.80,4.90E+02,3.50E+04,,<50,105.00,"1,085.00",,,,8.42,0.00,2.81,,0.63,,182.60,,,,,547.91,,8.32,<100,,,0.00,24.00,"5,005.00",,15.00,,1.00,,0.12,
03/23/11,LN2,"5,318.55","1,604.20",,"5,318.55",20.20,,0.00,,,74.60,5.40E+05,9.20E+05,,150.00,"13,375.00","16,865.00",,,,12.65,0.00,43.24,,4.14,,287.80,,,,,"1,180.12",,7.66,262.40,,,interferencia,"1,055.00","14,570.00",,< 1,,33.00,,1.89,
06/22/11,LN1,,,,,<20,,,,,20.00,4.50E+01,1.70E+04,,191.60,145.00,"1,957.00",,,,,,3.99,,0.35,,242.00,,,,,,,8.41,<100,,,,,,,,,,,0.27,
06/22/11,LN2,,,,,<20,,,,,57.00,3.30E+04,7.90E+04,,292.30,"8,700.00","15,267.00",,,,,,22.16,,1.68,,537.60,,,,,,,7.63,<100,,,,,,,,,,,1.10,
10/05/11,LN1,"7,900.00","1,340.00",,"6,236.80",273.70,,"1,663.20",,,"33,570.00",1.30E+04,2.20E+04,,74.80,138.00,807.00,,,,4.07,0.00,22.06,,0.88,,169.60,,,,,849.32,,8.44,206.70,,,0.00,48.00,"4,576.00",,143.77,,14.40,,27.33,
10/05/11,LN2,"13,721.40","3,133.00",,"13,119.30",21.10,,602.10,,,61.10,3.30E+04,7.90E+04,,176.60,"5,848.00","9,363.00",,,,9.03,0.00,18.55,,1.17,,181.60,,,,,"1,380.15",,8.31,148.80,,,0.30,308.00,"12,068.00",,128.68,,75.00,,7.44,
12/20/11,LN1,,,,,< 20,,,,,< 4,2.10E+03,4.90E+04,,31.70,46.00,390.00,,,,,,2.74,,0.80,,67.10,,,,,,,8.32,< 100,,,,,,,,,,,0.08,
12/20/11,LN2,,,,,23.20,,,,,8.70,"> 1,6 E+07","> 1,6 E+07",,318.00,"15,695.00","19,483.00",,,,,,73.04,,8.62,,244.10,,,,,,,6.98,243.90,,,,,,,,,,,2.41,
04/09/12,LN1,"6,712.20",164.40,,"6,105.54",< 20,,606.66,,,38.80,"> 1,6E+04","> 1,6E+04",,121.40,86.00,"1,638.00",,,,10.23,0.00,3.11,,0.37,,185.20,,,,,"1,258.64",,8.34,< 100,,,0.00,50.00,"6,104.00",,595.12,,18.50,,0.17,
04/09/12,LN2,"11,390.40","2,076.00",,"10,177.08",30.60,,"1,213.32",,,150.00,3.30E+04,5.40E+04,,326.00,**,"41,714.00",,,,18.46,0.00,98.34,,10.48,,424.00,,,,,"2,061.66",,8.39,333.20,,,0.80,525.00,"25,905.00",,778.05,,86.00,,1.42, **DBO mayor a la esperada 
06/26/12,LN1,,,,,< 20,,,,,23.40,1.10E+04,1.10E+04,,203.00,101.00,"2,515.00",,,,,,4.27,,0.29,,281.30,,,,,,,8.32,< 100,,,,,,,,,,,0.23,
06/26/12,LN2,,,,,< 20,,,,,86.90,1.40E+05,1.40E+05,,473.00,"15,840.00","18,762.00",,,,,,62.30,,2.67,,401.50,,,,,,,7.44,194.80,,,,,,,,,,,2.16,
09/27/12,LN1,"8,201.60",254.40,,"5,601.10",< 20,,"2,600.50",,,21.20,5.40E+04,5.40E+04,,250.60,116.00,"1,792.00",,,,9.36,0.00,3.17,,0.20,,349.30,,,,,"1,695.49",,8.79,< 100,,,0.00,29.00,"7,788.00",,374.40,,9.50,,0.33,
09/27/12,LN2,"12,202.40",789.80,,"11,002.20",< 20,,"1,200.20",,,8.80,1.30E+04,1.30E+04,,486.20,**,"5,950.00",,,,19.98,0.00,11.41,,0.19,,388.30,,,,,"2,415.00",,8.36,< 100,,,0.10,304.00,"12,840.00",,548.80,,21.00,,0.09,**La DBO es menor a la esperada
12/04/12,LN1,,,,,< 20,,,,,20.70,2.40E+03,3.50E+03,,172.60,**,"1,644.00",,,,,,3.14,,1.05,,267.00,,,,,,,8.77,< 100,,,,,,,,,,,0.25,**La DBO es mayor a la esperada
12/04/12,LN2,,,,,< 20,,,,,57.20,3.50E+05,9.20E+05,,790.90,**,"48,603.00",,,,,,135.36,,10.98,,618.80,,,,,,,7.01,< 100,,,,,,,,,,,3.17,**La DBO es mayor a la esperada
03/19/13,LN1,"7,004.91",467.10,,"4,787.53",< 20,,"2,217.38",,,19.00,2.00E+02,1.30E+04,,203.80,95.00,"1,946.00",,,,11.39,0.00,3.88,,0.36,,321.00,,,,,"1,580.39",,9.01,< 100,,,0.60,78.00,"7,016.00",,126.54,,14.00,,0.24,
03/19/13,LN2_SB,"9,827.03","2,390.30",,"9,222.29",< 20,,604.74,,,40.00,7.90E+03,1.40E+04,,506.00,"21,750.00","28,261.00",,,,22.78,0.00,64.12,,4.01,,523.60,,,,,"2,031.93",,8.30,< 100,,,2.00,620.00,"21,764.00",,647.95,,83.00,,2.45,
03/19/13,LN2_CB,"9,071.10","5,262.40",,"7,861.62",< 20,,"1,209.48",,,29.70,3.30E+03,3.30E+03,,442.20,**,"16,622.00",,,,10.60,0.00,56.49,,0.64,,426.80,,,,,"2,229.47",,8.49,<100,,,0.50,315.00,"17,145.00",,704.36,,79.00,,1.45,**La DBO es mayor a la esperada >3500 mg/l
04/16/13,LN2_SB,,,,,,,,,,,4.90E+03,7.90E+03,"28,400.00",,"32,000.00","38,244.00",,,,,,,,,,,,,,,,,7.61,,,,,810.00,"27,480.00",,,,,,,
04/16/13,LN2_CB,,,,,,,,,,,2.40E+05,9.20E+05,"26,100.00",,"13,250.00","21,521.00",,,,,,,,,,,,,,,,,8.17,,,,,"1,170.00","20,120.00",,,,,,,
05/10/13,LN2_SB,,,,,,,,,,,2.20E+04,9.20E+04,"2,910.00",,"24,250.00","34,041.00",,,,,,,,,,,,,,,,,7.52,,,,,"1,965.00","22,030.00",,,,,,,
05/10/13,LN2_CB,,,,,,,,,,,4.90E+03,4.90E+04,"2,650.00",,"18,250.00","23,472.00",,,,,,,,,,,,,,,,,7.81,,,,,800.00,"19,400.00",,,,,,,
06/20/13,LN1,,,,,< 10,,,,,60.50,7.80E+01,9.20E+04,,193.10,100.00,"1,631.00",,,,,,3.02,,0.29,,319.80,,,,,,,8.39,<50,,,,,,,,,,,0.23,
06/20/13,LN2_CB,,,,,< 10,,,,,88.30,5.40E+04,5.40E+04,,446.30,"25,000.00","64,248.00",,,,,,72.38,,3.19,,426.50,,,,,,,7.52,<50,,,,,,,,,,,2.38,
06/20/13,LN2_SB,,,,,< 10,,,,,126.20,1.10E+04,1.10E+05,,537.40,"32,500.00","43,498.00",,,,,,99.17,,7.93,,539.70,,,,,,,7.31,<50,,,,,,,,,,,3.69,
07/23/13,LN2_SB,,,,,,,,,,,4.90E+03,7.90E+03,"28,900.00",,"31,500.00","45,028.00",,,,,,,,,,,,,,,,,7.43,,,,,864.00,"27,564.00",,,,,,,
07/23/13,LN2_CB,,,,,,,,,,,1.70E+03,3.50E+03,"26,600.00",,"20,000.00","26,266.00",,,,,,,,,,,,,,,,,7.79,,,,,"1,436.00","20,716.00",,,,,,,
09/11/13,LN1,"8,644.72",650.20,,"6,835.36",<10,,"1,809.36",,,<4,3.30E+01,3.50E+03,,251.00,108.00,"1,789.00",,,,8.30,0.00,3.25,,0.21,,<50,,,,,"1,646.52",,8.94,<50,,,0.00,20.00,"7,824.00",,69.88,,34.00,,0.32,
09/11/13,LN2_SB,"11,958.12","1,992.70",,"10,751.88",<10,,"1,206.24",,,<4,4.90E+03,4.90E+03,,<20,"16,500.00","17,594.00",,,,15.38,0.00,55.11,,1.11,,<50,,,,,"2,237.58",,8.30,<50,,,1.00,464.00,"19,756.00",,49.29,,80.00,,1.88,
09/11/13,LN2_CB,"10,742.04","1,368.40",,"9,334.76",<10,,"1,407.28",,,<4,5.40E+04,1.70E+05,,<20,"14,250.00","16,432.00",,,,17.98,0.00,25.11,,0.46,,<50,,,,,"2,350.16",,8.37,<50,,,0.30,280.00,"18,260.00",,37.38,,54.00,,0.88,
10/21/13,LN2_SB,,,,,,,,,,,2.60E+04,1.70E+05,"25,000.00",,"7,300.00","17,942.00",,,,,,,,,,,,,,,,,7.60,,,,,545.00,"16,192.00",,,,,,,
10/21/13,LN2_CB,,,,,,,,,,,2.40E+05,3.50E+05,"10,520.00",,"2,300.00","7,834.00",,,,,,,,,,,,,,,,,7.71,,,,,670.00,"6,824.00",,,,,,,
10/24/13,LN1,,,,,,,,,,,4.90E+03,1.10E+05,"9,960.00",,**,"3,487.00",,,,,,,,,,,,,,,,,8.31,,,,,980.00,"6,496.00",,,,,,,**La DBO es mayor a la esperada >700 mg/l
01/20/14,LN2_SB,,,,,,,,,,,2.40E+06,5.40E+06,"2,570.00",,"9,750.00","19,242.00",,,,,,,,,,,,,,,,,7.39,,,,,400.00,"17,072.00",,,,,,,
01/20/14,LN2_CB,,,,,,,,,,,2.40E+06,3.50E+06,"2,630.00",,"6,200.00","12,800.00",,,,,,,,,,,,,,,,,7.82,,,,,914.00,"16,004.00",,,,,,,
01/31/14,LN1,,,,,12.10,,,,,<4,,,,248.10,98.00,"1,863.00",,,,,,3.09,,0.30,,374.60,,,,,,,8.31,<50,,,,,,,,,,,0.28,
01/31/14,LN2_CB,,,,,10.50,,,,,8.30,,,,563.20,"8,900.00","17,232.00",,,,,,28.49,,3.27,,353.70,,,,,,,7.49,121.00,,,,,,,,,,,2.19,
01/31/14,LN2_SB,,,,,14.30,,,,,44.60,,,,"1,226.00","26,000.00","35,984.00",,,,,,129.36,,11.51,,652.90,,,,,,,7.06,99.00,,,,,,,,,,,8.15,
04/11/14,LN2_SB,,,,,,,,,,,4.50E+04,7.80E+04,"2,830.00",,**,"37,540.00",,,,,,,,,,,,,,,,,7.31,,,,,"1,030.00","25,774.00",,,,,,,**La DBO es mayor a la esperada >20000 mg/l
04/11/14,LN2_CB,,,,,,,,,,,4.50E+04,6.80E+04,"2,400.00",,"17,000.00","20,715.00",,,,,,,,,,,,,,,,,7.56,,,,,690.00,"18,720.00",,,,,,,
04/29/14,LN1,"6,432.00",400.40,,"4,073.60",< 10,,"2,358.40",,,< 10,2.00E+02,1.40E+04,,< 20,98.00,"1,626.00",,,,12.83,0.00,2.85,,0.39,,< 50,,,,,,,8.69,< 50,,,0.00,39.00,"6,505.00",,180.60,,24.00,,0.28,
04/29/14,LN2_SB,"10,505.60","2,291.30",,"8,790.40",<10,,"1,715.20",,,<10,7.90E+04,1.10E+05,,609.40,"28,500.00","36,248.00",,,,32.06,0.00,115.10,,9.36,,514.80,,,,,,,8.41,<50,,,2.00,"1,280.00","24,780.00",,737.60,,31.00,,4.16,
04/29/14,LN2_CB,"8,790.40","1,063.70",,"7,289.60",<10,,"1,500.80",,,<10,7.00E+03,3.50E+05,,<20,"9,500.00","18,626.00",,,,13.72,0.00,275.66,,<5,,<50,,,,,,,8.34,118.60,,,Interferencia,500.00,"16,235.00",,168.80,,25.00,,< 20,Manganeso <5 ug/l Potasio <50 ug/l
06/24/14,LN2_SB,,,,,,,,,,,,,"27,100.00",,"49,000.00","84,560.00",,,,,,,,,,,,,,,,,6.88,,,,,760.00,"32,464.00",,,,,,,
06/24/14,LN2_CB,,,,,,,,,,,,,"20,400.00",,"20,500.00","29,015.00",,,,,,,,,,,,,,,,,7.49,,,,,752.00,"20,580.00",,,,,,,
07/15/14,LN1,,,,,< 10,,,,,13.60,"< 1,8",1.40E+04,,126.90,113.00,"1,894.00",,,,,,2.29,,0.22,,208.60,,,,,,,8.41,< 50,,,,,,,,,,,0.15,
07/15/14,LN2_SB,,,,,<10,,,,,24.90,7.90E+03,1.30E+04,,210.50,"33,500.00","38,280.00",,,,,,24.51,,1.04,,247.50,,,,,,,7.49,52.30,,,,,,,,,,,1.13,
07/15/14,LN2_CB,,,,,<10,,,,,13.30,2.30E+03,4.60E+03,,307.10,"13,000.00","18,865.00",,,,,,31.34,,0.45,,250.50,,,,,,,7.67,61.40,,,,,,,,,,,0.66,
08/05/14,LN2_SB,,,,,,,,,,,9.20E+05,>1.6E+06,"28,000.00",,"15,000.00","58,199.00",,,,,,,,,,,,,,,,,8.13,,,,,920.00,"19,365.00",,,,,,,
08/05/14,LN2_CB,,,,,,,,,,,1.70E+05,>1.6E+06,"27,600.00",,"10,250.00","16,845.00",,,,,,,,,,,,,,,,,8.21,,,,,375.00,"17,945.00",,,,,,,
08/26/14,LN2_SB,,,,,,,,,,,9.20E+05,1.60E+06,"27,700.00",,"13,250.00","27,329.00",,,,,,,,,,,,,,,,,7.76,,,,,,"19,060.00",,,,,,,
08/26/14,LN2_CB,,,,,,,,,,,2.40E+05,9.20E+05,"27,500.00",,"11,500.00","16,253.00",,,,,,,,,,,,,,,,,7.78,,,,,,"17,305.00",,,,,,,
09/09/14,LN2_SB,,,,,,,,,,,1.70E+04,4.90E+04,"28,500.00",,"12,750.00","46,154.00",,,,,,,,,,,,,,,,,7.96,,,,,,"18,558.00",,,,,,,
09/09/14,LN2_CB,,,,,,,,,,,2.30E+04,2.30E+04,"26,300.00",,"9,500.00","15,788.00",,,,,,,,,,,,,,,,,7.94,,,,,,"16,630.00",,,,,,,
10/07/14,LN1,"7,834.38",297.90,,"2,329.14",< 10,,"5,505.24",,,< 10,"< 1,8",3.30E+03,,201.80,103.00,"1,810.00",,,,8.94,0.00,3.21,,0.29,,347.40,,,,,,,8.50,< 50,,,0.00,12.00,"7,472.00",,71.65,,36.00,,0.07,
10/07/14,LN2_SB,"11,645.70","2,114.00",,"6,352.20",<10,,"5,293.50",,,<10,1.30E+03,3.30E+03,,695.00,"10,000.00","15,411.00",,,,16.60,0.00,22.51,,2.27,,379.50,,,,,,,8.38,<50,,,7.50,624.00,"17,852.00",,36.35,,58.00,,1.78,
10/07/14,LN2_CB,"8,998.95","2,270.40",,"4,764.15",<10,,"4,234.80",,,<10,2.30E+03,2.30E+03,,648.30,"6,700.00","12,323.00",,,,17.32,0.00,30.14,,1.13,,417.60,,,,,,,8.39,<50,,,4.00,504.00,"16,708.00",,51.65,,52.00,,1.37,
11/11/14,LN2_SB,,,,,,,,,,,>1.6E+06,>1.6E+06,"23,600.00",,"17,250.00","27,268.00",,,,,,,,,,,,,,,,,7.45,,,,,"1,135.00","18,584.00",,,,,,,
11/11/14,LN2_CB,,,,,,,,,,,2.80E+05,2.80E+05,"24,500.00",,"10,000.00","15,577.00",,,,,,,,,,,,,,,,,7.43,,,,,256.00,"16,724.00",,,,,,,
12/09/14,LN2_SB,,,,,,,,,,,7.80E+02,2.10E+03,"28,900.00",,"17,250.00","25,283.00",,,,,,,,,,,,,,,,,7.94,,,,,"1,210.00","20,344.00",,,,,,,
12/09/14,LN2_CB,,,,,,,,,,,<1.8,2.10E+02,"27,000.00",,"6,900.00","13,015.00",,,,,,,,,,,,,,,,,8.13,,,,,500.00,"17,384.00",,,,,,,
01/12/15,LN2_SB,,,,,,,,,,,***,***,"30,500.00",,"14,500.00","26,288.00",,,,,,,,,,,,,,,,,8.05,,,,,405.00,"18,610.00",,,,,,,***No hay crecimiento en la dilución sembrada
01/12/15,LN2_CB,,,,,,,,,,,***,***,"27,100.00",,**,"13,400.00",,,,,,,,,,,,,,,,,8.08,,,,,355.00,"15,760.00",,,,,,,**La DBO es menor a la esperada <10000 mg/l
01/27/15,LN1,,,,,<10,,,,,12.10,3.50E+04,1.60E+05,,192.50,118.00,"1,746.00",,,,,,6.23,,0.36,,273.90,,,,,,,8.43,<50,,,,,,,,,,,0.24,
01/27/15,LN2_SB,,,,,<10,,,,,31.90,1.30E+04,3.50E+04,,621.50,"11,250.00","15,757.00",,,,,,9.75,,1.03,,476.30,,,,,,,8.10,<50,,,,,,,,,,,0.76,
01/27/15,LN2_CB,,,,,<10,,,,,35.20,1.30E+03,6.30E+03,,583.00,"11,000.00","17,644.00",,,,,,21.43,,1.61,,548.90,,,,,,,7.64,53.90,,,,,,,,,,,0.77,
02/10/15,LN2_SB,,,,,,,,,,,1.30E+03,1.30E+03,"33,700.00",,**,"5,559.00",,,,,,,,,,,,,,,,,8.45,,,,,74.00,"13,084.00",,,,,,,**La DBO es menor a la esperada
02/10/15,LN2_CB,,,,,,,,,,,5.40E+03,9.20E+03,"22,800.00",,**,"7,725.00",,,,,,,,,,,,,,,,,8.32,,,,,120.00,"12,344.00",,,,,,,**La DBO es menor a la esperada
02/24/15,LN2_SB,,,,,,,,,,,2.40E+03,2.40E+03,"32,500.00",,"8,300.00","15,459.00",,,,,,,,,,,,,,,,,8.40,,,,,244.00,"17,940.00",,,,,,,
02/24/15,LN2_CB,,,,,,,,,,,5.40E+03,5.40E+03,"28,200.00",,"5,800.00","11,280.00",,,,,,,,,,,,,,,,,8.31,,,,,144.00,"16,808.00",,,,,,,
03/10/15,LN2_SB,,,,,,,,,,,1.30E+04,1.30E+04,"30,400.00",,"12,750.00","20,000.00",,,,,,,,,,,,,,,,,8.27,,,,,428.00,"18,816.00",,,,,,,
03/10/15,LN2_CB,,,,,,,,,,,4.90E+03,4.90E+03,"28,700.00",,"6,200.00","13,207.00",,,,,,,,,,,,,,,,,8.29,,,,,208.00,"17,040.00",,,,,,,
03/24/15,LN2_SB,,,,,,,,,,,>1.6E+06,>1.6E+06,"11,770.00",,"8,600.00","14,447.00",,,,,,,,,,,,,,,,,7.86,,,,,"3,240.00","13,472.00",,,,,,,
03/24/15,LN2_CB,,,,,,,,,,,9.20E+05,>1.6E+06,"7,350.00",,"2,400.00","6,000.00",,,,,,,,,,,,,,,,,8.40,,,,,330.00,"7,904.00",,,,,,,
03/31/15,LN1,"3,705.45",356.40,,"2,646.75",<10,,"1,058.70",,,<10,1.30E+03,2.60E+04,,69.30,112.00,891.00,,,,8.13,0.00,1.76,,0.82,,110.00,,,,,,,8.63,<50,,,0.00,27.00,"3,796.00",,184.14,,24.00,,0.14,
03/31/15,LN2_SB,"10,798.74","1,734.00",,"9,528.30",55.00,,"1,270.44",,,309.00,7.00E+04,1.70E+05,,629.00,**,"7,170.00",,,,20.79,0.00,10.77,,1.03,,330.00,,,,,,,8.61,<50,,,0.40,288.00,"12,904.00",,460.00,,52.00,,0.90,**La DBO es menor a la esperada <4000 mg/l
03/31/15,LN2_CB,"5,716.98","4,041.00",,"5,081.36",<10,,635.22,,,58.30,3.30E+04,1.70E+05,,263.00,**,"6,119.00",,,,9.99,0.00,10.89,,1.33,,201.30,,,,,,,8.37,<50,,,2.00,424.00,"8,748.00",,112.87,,40.00,,0.51,**La DBO es menor a la esperada <4000 mg/l
04/21/15,LN2_SB,,,,,,,,,,,9.20E+05,1.60E+06,"27,300.00",,**,"4,558.00",,,,,,,,,,,,,,,,,8.43,,,,,143.00,"12,727.00",,,,,,,**La DBO es menor a la esperada <1000 mg/l
04/21/15,LN2_CB,,,,,,,,,,,1.30E+05,2.40E+05,"14,430.00",,"1,075.00","3,559.00",,,,,,,,,,,,,,,,,8.36,,,,,167.00,"8,163.00",,,,,,,
05/05/15,LN2_SB,,,,,,,,,,,3.30E+04,1.30E+05,"25,500.00",,"1,700.00","8,896.00",,,,,,,,,,,,,,,,,8.62,,,,,112.00,"12,812.00",,,,,,,
05/05/15,LN2_CB,,,,,,,,,,,4.60E+04,4.60E+04,"20,200.00",,"1,575.00","9,639.00",,,,,,,,,,,,,,,,,8.83,,,,,148.00,"11,392.00",,,,,,,
05/19/15,LN2_SB,,,,,,,,,,,2.30E+04,2.30E+04,"30,200.00",,"3,000.00","7,031.00",,,,,,,,,,,,,,,,,8.01,,,,,240.00,"16,200.00",,,,,,,
05/19/15,LN2_CB,,,,,,,,,,,2.00E+03,2.00E+03,"25,100.00",,"1,775.00","5,548.00",,,,,,,,,,,,,,,,,8.07,,,,,169.00,"13,880.00",,,,,,,
06/02/15,LN1,,,,,,,,,,,<1.8,3.30E+03,"12,150.00",,193.00,"1,499.00",,,,,,,,,,,,,,,,,8.68,,,,,246.00,"5,872.00",,,,,,,
06/02/15,LN2_SB,,,,,,,,,,,3.30E+04,1.10E+05,"30,400.00",,"1,800.00","6,938.00",,,,,,,,,,,,,,,,,8.49,,,,,204.00,"15,600.00",,,,,,,
06/02/15,LN2_CB,,,,,,,,,,,1.30E+04,2.30E+04,"23,400.00",,"1,300.00","5,545.00",,,,,,,,,,,,,,,,,8.51,,,,,168.00,"12,892.00",,,,,,,
06/16/15,LN1,,,,,,,,,,,<1.8,1.30E+03,"17,900.00",,94.00,"1,874.00",,,,,,,,,,,,,,,,,8.43,,,,,26.00,"6,992.00",,,,,,,
06/16/15,LN2_SB,,,,,,,,,,,3.30E+04,4.90E+04,"28,700.00",,"1,150.00","7,053.00",,,,,,,,,,,,,,,,,8.48,,,,,142.00,"13,816.00",,,,,,,
06/16/15,LN2_CB,,,,,,,,,,,1.10E+04,1.70E+04,"24,100.00",,"1,095.00","5,905.00",,,,,,,,,,,,,,,,,8.40,,,,,304.00,"12,656.00",,,,,,,
07/07/15,LN1,,,,,<10,,,,,26.40,4.50E+02,7.90E+03,,112.80,89.00,"1,612.00",,,,,,2.39,,0.22,,130.80,,,,,,,8.32,<50,,,,,,,,,,,0.11,
07/07/15,LN2_SB,,,,,<10,,,,,154.00,2.80E+04,1.10E+05,,849.00,"1,875.00","6,736.00",,,,,,28.37,,0.76,,524.00,,,,,,,8.15,<50,,,,,,,,,,,1.61,
07/07/15,LN2_CB,,,,,<10,,,,,157.00,3.30E+03,3.30E+03,,771.00,"1,825.00","7,117.00",,,,,,9.71,,0.52,,453.20,,,,,,,8.17,<50,,,,,,,,,,,1.33,
07/21/15,LN2_SB,,,,,,,,,,,**,3.30E+03,"29,500.00",,990.00,"8,097.00",,,,,,,,,,,,,,,,,8.33,,,,,164.00,"14,468.00",,,,,,,**No hay crecimiento a la diluacion sembrada
07/21/15,LN2_CB,,,,,,,,,,,4.90E+04,7.90E+04,"27,100.00",,"1,000.00","7,835.00",,,,,,,,,,,,,,,,,8.04,,,,,136.00,"13,988.00",,,,,,,
08/18/15,LN2_SB,,,,,,,,,,,1.70E+04,4.90E+04,"29,700.00",,**,"10,967.00",,,,,,,,,,,,,,,,,8.50,,,,,244.00,"16,660.00",,,,,,,**La DBO es mayor a la esperada >3500 mg/l
08/18/15,LN2_CB,,,,,,,,,,,3.10E+03,2.20E+04,"28,700.00",,"2,775.00","9,745.00",,,,,,,,,,,,,,,,,8.48,,,,,612.00,"16,676.00",,,,,,,
08/25/15,LN2_SB,,,,,,,,,,,3.10E+03,7.90E+04,"31,200.00",,"1,013.00","7,628.00",,,,,,,,,,,,,,,,,8.56,,,,,132.00,"14,512.00",,,,,,,
08/25/15,LN2_CB,,,,,,,,,,,3.10E+03,4.60E+03,"29,300.00",,"1,650.00","9,554.00",,,,,,,,,,,,,,,,,8.55,,,,,160.00,"15,236.00",,,,,,,
09/08/15,LN2_SB,,,,,,,,,,,1.70E+04,1.70E+04,"31,700.00",,"1,263.00","7,441.00",,,,,,,,,,,,,,,,,8.65,,,,,132.00,"14,288.00",,,,,,,
09/08/15,LN2_CB,,,,,,,,,,,1.30E+03,1.30E+03,"30,200.00",,"1,388.00","7,599.00",,,,,,,,,,,,,,,,,8.65,,,,,188.00,"18,784.00",,,,,,,
09/30/15,LN2_SB,,,,,,,,,,,4.50E+02,4.50E+02,"33,100.00",,430.00,"4,981.00",,,,,,,,,,,,,,,,,9.05,,,,,64.00,"13,848.00",,,,,,,
09/30/15,LN2_CB,,,,,,,,,,,2.00E+02,2.00E+02,"32,200.00",,480.00,"5,501.00",,,,,,,,,,,,,,,,,9.08,,,,,400.00,"15,000.00",,,,,,,
10/13/15,LN2_SB,"14,528.80","1,371.70",,"11,684.00",<10,,"2,844.80",,,<10,4.90E+01,4.90E+01,,947.50,405.00,"7,179.00",,,,27.61,0.00,6.20,,0.26,,541.30,,,,,,,8.73,<50,,,0.00,100.00,"14,172.00",,717.80,,8.80,,2.04,
10/13/15,LN1,"7,315.20",679.70,,"4,876.80",<10,,"2,438.40",,,<10,7.90E+01,1.60E+04,,239.00,95.00,"2,924.00",,,,9.02,0.00,3.52,,0.26,,391.40,,,,,,,8.90,<50,,,0.10,120.00,"7,776.00",,308.50,,9.20,,0.45,
10/13/15,LN2_CB,"13,208.00","1,588.40",,"8,331.20",<10,,"4,876.80",,,<10,4.90E+01,7.90E+01,,966.80,465.00,"4,670.00",,,,23.04,0.00,6.68,,0.29,,566.50,,,,,,,8.69,<50,,,0.00,120.00,"14,480.00",,664.10,,41.00,,1.08,
11/10/15,LN2_SB,,,,,,,,,,,2.00E+02,2.30E+03,"31,600.00",,800.00,"6,005.00",,,,,,,,,,,,,,,,,8.58,,,,,92.00,"14,112.00",,,,,,,
11/10/15,LN2_CB,,,,,,,,,,,3.10E+05,3.10E+05,"27,900.00",,"13,500.00","40,750.00",,,,,,,,,,,,,,,,,8.01,,,,,275.00,"19,092.00",,,,,,,
11/24/15,LN2_SB,,,,,,,,,,,1.70E+03,1.70E+04,"31,200.00",,420.00,"4,962.00",,,,,,,,,,,,,,,,,8.61,,,,,75.00,"13,716.00",,,,,,,
11/24/15,LN2_CB,,,,,,,,,,,6.80E+02,6.80E+02,"27,000.00",,"3,100.00","9,169.00",,,,,,,,,,,,,,,,,8.60,,,,,264.00,"15,508.00",,,,,,,
12/08/15,LN2_SB,,,,,,,,,,,3.30E+03,4.90E+03,"31,600.00",,"16,750.00","27,926.00",,,,,,,,,,,,,,,,,8.08,,,,,"1,130.00","21,464.00",,,,,,,
12/08/15,LN2_CB,,,,,,,,,,,1.10E+03,4.60E+03,"29,800.00",,"13,250.00","31,042.00",,,,,,,,,,,,,,,,,8.03,,,,,"1,370.00","20,748.00",,,,,,,
12/22/15,LN2_SB,,,,,,,,,,,4.50E+02,2.20E+03,"31,900.00",,"2,200.00","8,022.00",,,,,,,,,,,,,,,,,8.63,,,,,710.00,"14,704.00",,,,,,,
12/22/15,LN2_CB,,,,,,,,,,,1.70E+03,2.70E+03,"27,800.00",,"10,125.00","15,284.00",,,,,,,,,,,,,,,,,8.25,,,,,600.00,"19,016.00",,,,,,,
01/12/16,LN1,,,,,<10,,,,,58.00,**,4.50E+02,,231.60,95.00,"2,566.00",,,,,,3.08,,0.17,,389.50,,,,,,,8.80,<50,,,,,,,,,,,0.63,** No hay crecimiento en la dilucion sembrada
01/12/16,LN2_SB,,,,,<10,,,,,83.70,1.70E+03,7.00E+03,,989.20,**,"7,002.00",,,,,,10.47,,0.30,,540.80,,,,,,,8.63,<50,,,,,,,,,,,1.31,**La DBO es menor a la esperada <1000 mg/l
01/12/16,LN2_CB,,,,,<10,,,,,123.80,3.30E+03,3.30E+03,,968.30,"4,850.00","15,989.00",,,,,,18.93,,0.60,,541.30,,,,,,,8.55,<50,,,,,,,,,,,1.48,
01/26/16,LN2_SB,,,,,,,,,,,2.00E+02,2.00E+02,"32,100.00",,800.00,"7,241.00",,,,,,,,,,,,,,,,,8.25,,,,,192.00,"13,748.00",,,,,,,
01/26/16,LN2_CB,,,,,,,,,,,2.00E+02,6.80E+02,"28,700.00",,**,"23,578.00",,,,,,,,,,,,,,,,,7.89,,,,,660.00,"19,172.00",,,,,,,**DBO es mayor a la esperada >14000 mg/l
02/10/16,LN2_SB,,,,,,,,,,,3.10E+03,7.00E+03,"31,000.00",,470.00,"5,500.00",,,,,,,,,,,,,,,,,8.49,,,,,60.00,"13,388.00",,,,,,,
02/10/16,LN2_CB,,,,,,,,,,,**,7.90E+04,"26,000.00",,"1,200.00","6,644.00",,,,,,,,,,,,,,,,,8.55,,,,,224.00,"13,748.00",,,,,,,**No hay crecimiento en la dilucion sembrada
02/23/16,LN2_SB,,,,,,,,,,,3.10E+03,7.00E+03,"30,500.00",,"5,100.00","11,132.00",,,,,,,,,,,,,,,,,8.14,,,,,224.00,"16,280.00",,,,,,,
02/23/16,LN2_CB,,,,,,,,,,,3.30E+03,4.90E+03,"29,100.00",,**,"30,373.00",,,,,,,,,,,,,,,,,7.81,,,,,"1,220.00","21,424.00",,,,,,,**DBO mayor a la esperada >14000 mg/l
03/08/16,LN2_SB,,,,,,,,,,,1.60E+06,>1.6E+06,"27,500.00",,"2,000.00","24,336.00",,,,,,,,,,,,,,,,,7.98,,,,,178.00,"13,924.00",,,,,,,
03/08/16,LN2_CB,,,,,,,,,,,9.20E+05,1.60E+06,"26,700.00",,"7,800.00","18,976.00",,,,,,,,,,,,,,,,,8.26,,,,,328.00,"16,016.00",,,,,,,
03/22/16,LN2_SB,,,,,,,,,,,1.30E+04,3.30E+04,"26,700.00",,"11,350.00","21,962.00",,,,,,,,,,,,,,,,,8.13,,,,,"1,132.00","17,668.00",,,,,,,
03/22/16,LN2_CB,,,,,,,,,,,2.80E+05,2.20E+06,"18,760.00",,"7,000.00","12,904.00",,,,,,,,,,,,,,,,,7.86,,,,,608.00,"12,816.00",,,,,,,
04/05/16,LN2_SB,,,,,,,,,,,3.50E+05,9.20E+05,"14,040.00",,"1,613.00","4,623.00",,,,,,,,,,,,,,,,,7.42,,,,,290.00,"7,560.00",,,,,,,
04/05/16,LN2_CB,,,,,,,,,,,9.20E+05,1.60E+06,"12,050.00",,"1,700.00","4,194.00",,,,,,,,,,,,,,,,,8.03,,,,,440.00,"7,390.00",,,,,,,
04/19/16,LN1,"5,623.30",387.20,,"3,183.00",<10,,"2,440.30",,,<10,2.30E+03,2.40E+04,,89.10,107.00,"2,175.00",,,,12.85,0.00,4.58,,0.53,,205.70,,,,,,,8.33,<50,,,0.00,24.00,"5,492.00",,128.00,,8.40,,0.13,
04/19/16,LN2_CB,"4,721.50",906.40,,"3,023.90",<10,,"1,697.60",,,18.70,7.90E+03,7.90E+04,,282.70,370.00,"2,075.00",,,,13.10,0.00,3.52,,0.61,,193.60,,,,,,,8.31,<50,,,5.00,128.00,"5,896.00",,126.50,,12.40,,0.25,
04/19/16,LN2_SB,"12,095.40",940.50,,"8,381.90",<10,,"3,713.50",,,29.70,7.90E+02,7.90E+03,,856.90,485.00,"4,662.00",,,,32.33,0.00,4.51,,0.38,,435.60,,,,,,,8.30,<50,,,0.00,112.00,"11,772.00",,311.00,,9.60,,0.71,
05/03/16,LN2_SB,,,,,,,,,,,1.30E+06,1.30E+06,"2,650.00",,"8,400.00","15,447.00",,,,,,,,,,,,,,,,,7.58,,,,,548.00,"16,700.00",,,,,,,
05/03/16,LN2_CB,,,,,,,,,,,4.90E+03,7.90E+03,"1,438.00",,"2,400.00","5,824.00",,,,,,,,,,,,,,,,,8.16,,,,,944.00,"9,552.00",,,,,,,
05/17/16,LN2_SB,,,,,,,,,,,1.10E+04,4.60E+04,"2,890.00",,"7,600.00","17,163.00",,,,,,,,,,,,,,,,,7.64,,,,,440.00,"17,060.00",,,,,,,
05/17/16,LN2_CB,,,,,,,,,,,7.80E+02,3.10E+03,"2,850.00",,"5,000.00","12,533.00",,,,,,,,,,,,,,,,,7.92,,,,,248.00,"14,000.00",,,,,,,
07/05/16,LN2_SB,,,,,,,,,,,1.10E+03,1.40E+04,"27,900.00",,"6,200.00","12,496.00",,,,,,,,,,,,,,,,,7.56,,,,,330.00,"55,272.00",,,,,,,
07/05/16,LN2_CB,,,,,,,,,,,1.10E+03,1.30E+04,"25,200.00",,"4,000.00","11,446.00",,,,,,,,,,,,,,,,,7.71,,,,,224.00,"13,616.00",,,,,,,
07/19/16,LN1,,,,,<10,,,,,31.50,2.20E+02,3.30E+04,,154.40,98.00,"1,588.00",,,,,,3.52,,0.37,,274.00,,,,,,,8.45,<50,,,,,,,,,,,0.29,
07/19/16,LN2_SB,,,,,<10,,,,,114.40,2.30E+03,4.90E+04,,637.10,"5,600.00","14,878.00",,,,,,11.17,,1.19,,357.10,,,,,,,7.83,<50,,,,,,,,,,,0.87,
07/19/16,LN2_CB,,,,,<10,,,,,81.40,1.30E+03,2.30E+03,,552.80,"2,100.00","7,273.00",,,,,,4.96,,0.75,,336.40,,,,,,,8.22,<50,,,,,,,,,,,0.58,
08/02/16,LN2_CB,,,,,,,,,,,1.80E+02,1.80E+02,"2,550.00",,"2,000.00","7,674.00",,,,,,,,,,,,,,,,,8.41,,,,,296.00,"3,380.00",,,,,,,
08/02/16,LN2_SB,,,,,,,,,,,2.20E+03,1.10E+05,"3,460.00",,"3,400.00","11,071.00",,,,,,,,,,,,,,,,,7.91,,,,,532.00,"17,272.00",,,,,,,
08/30/16,LN2_CB,,,,,,,,,,,1.30E+03,1.30E+03,"32,700.00",,"7,600.00","16,208.00",,,,,,,,,,,,,,,,,7.92,,,,,432.00,"19,304.00",,,,,,,
08/30/16,LN2_SB,,,,,,,,,,,4.90E+03,4.90E+03,"33,400.00",,"13,250.00","24,954.00",,,,,,,,,,,,,,,,,7.80,,,,,"1,420.00","21,308.00",,,,,,,
09/06/16,LN2_CB,,,,,,,,,,,**,1.70E+03,"32,900.00",,"7,000.00","18,590.00",,,,,,,,,,,,,,,,,8.01,,,,,550.00,"18,190.00",,,,,,,**No hay crecimiento en la dilucion sembrada
09/06/16,LN2_SB,,,,,,,,,,,2.20E+02,4.60E+04,"27,700.00",,"34,000.00","51,875.00",,,,,,,,,,,,,,,,,7.52,,,,,850.00,"26,384.00",,,,,,,
10/04/16,LN2_CB,,,,,,,,,,,9.30E+02,2.20E+03,"32,500.00",,"2,375.00","8,247.00",,,,,,,,,,,,,,,,,8.18,,,,,104.00,"16,928.00",,,,,,,
10/04/16,LN2_SB,,,,,,,,,,,4.90E+03,4.90E+03,"32,900.00",,"3,250.00","9,040.00",,,,,,,,,,,,,,,,,8.16,,,,,250.00,"16,808.00",,,,,,,
10/11/16,LN1,"13,762.78",425.00,,"11,441.35",<10,,"2,321.43",,,174.80,4.50E+02,2.60E+03,,169.20,98.00,"1,749.00",,,,11.73,0.00,3.06,,0.27,,283.90,,,,,,,8.55,<50,,,0.00,0.00,"5,608.00",,231.10,231.10,19.00,,0.43,
10/11/16,LN2_SB,"13,265.33","3,335.20",,"10,479.61",<10,,"2,785.72",,,123.20,6.80E+02,1.10E+03,,872.10,"5,200.00","11,385.00",,,,32.55,0.00,50.39,,1.38,,516.60,,,,,,,8.30,<50,,,0.50,404.00,"17,500.00",,371.90,,29.00,,2.49,
10/11/16,LN2_CB,"13,630.13","5,775.00",,"11,043.39",<10,,"2,586.74",,,104.40,1.30E+03,1.30E+03,,921.80,"4,350.00","11,167.00",,,,30.37,0.00,36.88,,1.75,,486.30,,,,,,,8.30,58.20,,,0.50,544.00,"17,324.00",,564.40,,16.00,,2.16,
11/12/16,LN2_CB,,,,,,,,,,,7.00E+04,3.50E+05,"26,400.00",,"1,925.00","9,188.00",,,,,,,,,,,,,,,,,8.45,,,,,144.00,"12,992.00",,,,,,,
11/12/16,LN2_SB,,,,,,,,,,,2.40E+05,9.20E+05,"29,900.00",,"3,900.00","10,821.00",,,,,,,,,,,,,,,,,8.32,,,,,244.00,"55,268.00",,,,,,,
11/22/16,LN2_CB,,,,,,,,,,,7.90E+02,1.10E+04,"29,800.00",,"2,850.00","12,009.00",,,,,,,,,,,,,,,,,8.31,,,,,122.00,"15,264.00",,,,,,,
11/22/16,LN2_SB,,,,,,,,,,,4.90E+02,4.90E+03,"27,900.00",,"3,650.00","11,169.00",,,,,,,,,,,,,,,,,8.31,,,,,296.00,"16,112.00",,,,,,,
12/06/16,LN2_CB,,,,,,,,,,,7.90E+03,4.90E+04,"27,400.00",,"2,300.00","9,716.00",,,,,,,,,,,,,,,,,8.25,,,,,332.00,"15,266.00",,,,,,,
12/06/16,LN2_SB,,,,,,,,,,,2.20E+02,4.90E+03,"29,200.00",,"3,850.00","11,648.00",,,,,,,,,,,,,,,,,8.24,,,,,316.00,"16,622.00",,,,,,,
12/20/16,LN2_SB,,,,,,,,,,,1.30E+05,>1.6E+06,"21,800.00",,"3,800.00","9,371.00",,,,,,,,,,,,,,,,,8.22,,,,,558.00,"13,058.00",,,,,,,
12/20/16,LN2_CB,,,,,,,,,,,4.90E+04,1.60E+06,"18,920.00",,"1,100.00","5,469.00",,,,,,,,,,,,,,,,,8.30,,,,,408.00,"10,680.00",,,,,,,
01/10/17,LN1,,,,,<10,,,,,82.50,**,1.30E+03,,158.40,***,"2,855.00",,,,,,5.08,,0.34,,284.90,,,,,,,8.71,<50,,,,,,,,,,,0.29,**No hay crecimiento en la dilucion sembrada
01/10/17,LN2_SB,,,,,<10,,,,,126.50,9.30E+02,2.20E+03,,885.50,"3,100.00","9,572.00",,,,,,50.80,,2.39,,559.90,,,,,,,8.59,58.30,,,,,,,,,,,2.02,
01/10/17,LN2_CB,,,,,<10,,,,,69.30,1.70E+03,2.20E+03,,693.00,"4,200.00","9,851.00",,,,,,12.05,,1.28,,580.80,,,,,,,8.48,<50,,,,,,,,,,,0.94,
01/24/17,LN2_SB,,,,,,,,,,,3.10E+03,1.10E+04,"26,000.00",,"4,700.00","12,478.00",,,,,,,,,,,,,,,,,8.47,,,,,352.00,"15,420.00",,,,,,,
01/24/17,LN2_CB,,,,,,,,,,,**,1.30E+03,"20,500.00",,"1,150.00","5,932.00",,,,,,,,,,,,,,,,,8.39,,,,,116.00,"11,456.00",,,,,,,**No hay crecimiento en la dilucion sembrada
02/07/17,LN2_SB,,,,,,,,,,,1.60E+06,1.60E+06,"26,400.00",,"5,000.00","12,536.00",,,,,,,,,,,,,,,,,8.19,,,,,252.00,"16,148.00",,,,,,,
02/07/17,LN2_CB,,,,,,,,,,,7.90E+03,7.90E+03,"22,900.00",,"1,060.00","6,406.00",,,,,,,,,,,,,,,,,8.23,,,,,96.00,"12,896.00",,,,,,,
02/21/17,LN2_SB,,,,,,,,,,,1.30E+05,2.40E+05,"16,640.00",,"6,800.00","12,209.00",,,,,,,,,,,,,,,,,8.02,,,,,405.00,"12,735.00",,,,,,,
02/21/17,LN2_CB,,,,,,,,,,,4.50E+02,4.90E+03,"15,720.00",,"1,000.00","5,353.00",,,,,,,,,,,,,,,,,8.30,,,,,102.00,"16,990.00",,,,,,,
03/07/17,LN2_SB,,,,,,,,,,,1.60E+06,">1,6E+06","23,700.00",,"14,000.00","27,830.00",,,,,,,,,,,,,,,,,7.68,,,,,960.00,"19,804.00",,,,,,,
03/07/17,LN2_CB,,,,,,,,,,,3.30E+03,7.90E+03,"16,000.00",,520.00,"3,748.00",,,,,,,,,,,,,,,,,8.16,,,,,88.00,"9,128.00",,,,,,,
03/21/17,LN2_SB,,,,,,,,,,,5.40E+05,5.40E+05,"19,300.00",,"20,250.00","27,998.00",,,,,,,,,,,,,,,,,7.23,,,,,636.00,"20,056.00",,,,,,,
03/21/17,LN2_CB,,,,,,,,,,,1.60E+06,">1,6E+06","13,560.00",,"5,200.00","9,137.00",,,,,,,,,,,,,,,,,7.46,,,,,212.00,"9,984.00",,,,,,,
03/28/17,LN1_P1,"1,243.63",266.00,,"1,044.65",<10,,198.98,,,25.20,7.90E+04,5.40E+05,,33.00,100.00,779.00,,,,6.11,0.00,4.70,,0.53,,57.80,,,,,,,8.30,<50,,,1.00,354.00,"2,469.00",,366.30,,20.60,,0.07,
03/28/17,LN1_P2,"1,492.35",138.40,,994.90,<10,,497.45,,,17.90,3.30E+03,2.20E+04,,<20,41.00,407.00,,,,2.70,0.00,2.81,,0.20,,55.20,,,,,,,8.37,<50,,,0.30,120.00,"2,164.00",,136.30,,8.80,,0.04,
04/18/17,LN1,"3,959.58","2,266.00",,"2,741.01",<10,,"1,218.24",,,47.50,7.00E+02,1.60E+04,,50.30,100.00,807.00,,,,9.24,0.00,4.13,,1.14,,138.70,,,,,,,8.20,<50,,,0.20,20.00,"4,068.00",,114.50,,6.40,,0.25,
04/18/17,LN2_CB,"5,770.42","2,780.30",,"4,974.50",<10,,795.92,,,108.80,">1,6E+06",">1,6E+06",,675.20,**,"2,437.00",,,,12.42,0.00,48.69,,10.53,,436.90,,,,,,,7.21,<50,,,0.20,256.00,"13,604.00",,76.30,,12.00,,2.36,**La DBO es mayor a la esperada >400mg/l
04/18/17,LN2_SB,"11,142.88","3,938.00",,"8,158.18",<10,,"2,984.70",,,80.70,">1,6E+06",">1,6E+06",,639.30,**,"4,769.00",,,,9.75,0.00,35.97,,3.69,,399.30,,,,,,,7.97,<50,,,50.00,912.00,"17,312.00",,43.00,,10.40,,1.63,**La DBO es mayor a la esperada >400mg/l
05/02/17,LN2_SB,,,,,,,,,,,**,**,"23,000.00",,"5,100.00","12,665.00",,,,,,,,,,,,,,,,,7.92,,,,,632.00,"14,920.00",,,,,,,**No hay crecimiento en la dilucion sembrada
05/02/17,LN2_CB,,,,,,,,,,,1.10E+06,2.60E+06,"15,580.00",,"5,000.00","10,682.00",,,,,,,,,,,,,,,,,7.62,,,,,196.00,"11,144.00",,,,,,,
05/17/17,LN2_SB,,,,,,,,,,,7.90E+04,7.90E+04,"17,920.00",,"15,750.00","25,659.00",,,,,,,,,,,,,,,,,7.06,,,,,984.00,"17,344.00",,,,,,,
05/17/17,LN2_CB,,,,,,,,,,,1.70E+05,5.40E+05,"10,890.00",,"6,400.00","10,364.00",,,,,,,,,,,,,,,,,7.68,,,,,355.00,"9,465.00",,,,,,,
06/20/17,LN2_SB,,,,,,,,,,,4.90E+03,1.10E+05,"30,700.00",,"11,250.00","27,683.00",,,,,,,,,,,,,,,,,7.56,,,,,850.00,"17,516.00",,,,,,,
06/20/17,LN2_CB,,,,,,,,,,,2.10E+03,4.90E+04,"30,300.00",,"11,500.00","19,889.00",,,,,,,,,,,,,,,,,7.68,,,,,780.00,"16,748.00",,,,,,,
07/05/17,LN2_SB,,,,,,,,,,,**,**,"33,600.00",,"15,250.00","21,021.00",,,,,,,,,,,,,,,,,7.62,,,,,,"18,440.00",,,,,,,**No se entrega muestras para coliformes totales y termotolerantes
07/05/17,LN2_CB,,,,,,,,,,,**,**,"24,500.00",,"7,150.00","13,386.00",,,,,,,,,,,,,,,,,8.06,,,,,,"15,544.00",,,,,,,**No se entrega muestras para coliformes totales y termotolerantes
07/18/17,LN1,,,,,<10,,,,,51.80,,,,136.20,470.00,"1,678.00",,,,,,5.14,,0.68,,225.50,,,,,,,8.39,<50,,,,,,,,,,,0.26,
07/18/17,LN2_SB,,,,,<10,,,,,101.50,,,,794.40,"3,900.00","17,909.00",,,,,,62.72,,2.29,,471.50,,,,,,,8.16,<50,,,,,,,,,,,2.99,
07/18/17,LN2_CB,,,,,<10,,,,,76.97,,,,579.40,**,733.00,,,,,,17.80,,2.74,,387.30,,,,,,,7.63,<50,,,,,,,,,,,1.12,**La DBO es menor que la esperada >400 mg/l
08/07/17,LN2_SB,,,,,,,,,,,1.30E+04,3.30E+04,"32,500.00",,"4,350.00","11,842.00",,,,,,,,,,,,,,,,,8.30,,,,,,"14,760.00",,,,,,,
08/07/17,LN2_CB,,,,,,,,,,,4.90E+03,2.20E+04,"25,600.00",,"2,475.00","7,806.00",,,,,,,,,,,,,,,,,8.38,,,,,,"13,970.00",,,,,,,
08/15/17,LN2_SB,,,,,,,,,,,1.30E+02,1.70E+04,"25,280.00",,"20,500.00","26,284.00",,,,,,,,,,,,,,,,,7.56,,,,,,"19,720.00",,,,,,,
08/15/17,LN2_CB,,,,,,,,,,,7.80E+02,7.80E+02,"24,700.00",,"10,750.00","15,449.00",,,,,,,,,,,,,,,,,8.05,,,,,,"16,700.00",,,,,,,
09/05/17,LN2_CB,,,,,,,,,,,4.90E+04,1.70E+05,"26,800.00",,"4,900.00","8,077.00",,,,,,,,,,,,,,,,,8.40,,,,,380.00,"14,280.00",,,,,,,
09/05/17,LN2_SB,,,,,,,,,,,2.30E+04,3.30E+04,"29,400.00",,"5,400.00","7,420.00",,,,,,,,,,,,,,,,,8.42,,,,,190.00,"13,990.00",,,,,,,
09/19/17,LN2_CB,,,,,,,,,,,,,"20,600.00",,"2,100.00","7,032.00",,,,,,,,,,,,,,,,,8.49,,,,,430.00,"12,170.00",,,,,,,
09/19/17,LN2_SB,,,,,,,,,,,,,"25,200.00",,"3,050.00","9,266.00",,,,,,,,,,,,,,,,,8.47,,,,,300.00,"14,730.00",,,,,,,
10/03/17,LN2_SB,,,,,,,,,,,4.60E+04,7.00E+04,"14,710.00",,"5,800.00","11,771.00",,,,,,,,,,,,,,,,,8.32,,,,,350.00,"16,025.00",,,,,,,
10/03/17,LN2_CB,,,,,,,,,,,**,1.40E+03,"24,600.00",,"5,300.00","10,972.00",,,,,,,,,,,,,,,,,7.90,,,,,395.00,"15,380.00",,,,,,,**No hay crecimiento en la dilucion sembrada
10/17/17,LN1,"7,749.32","1,722.60",,"5,388.60",<10,,"2,360.72",,,<10,4.90E+03,5.40E+05,,275.00,380.00,"2,752.00",,,,12.72,0.00,3.74,,0.43,,303.60,,,,,,,8.69,79.20,,,0.00,58.00,"7,886.00",,56.00,,15.00,,1.33,
10/17/17,LN2_SB,"12,983.96","3,964.40",,"3,335.80",<10,,"9,648.16",,,53.90,9.30E+02,7.90E+03,,886.60,"7,600.00","14,582.00",,,,29.99,0.00,35.32,,2.49,,577.50,,,,,,,8.23,58.30,,,12.00,"2,460.00","18,796.00",,22.10,,30.00,,4.23,
10/17/17,LN2_CB,"11,957.56","1,707.20",,"7,030.84",58.30,,"4,926.72",,,30.80,1.80E+02,6.80E+02,,821.70,"4,000.00","10,605.00",,,,19.31,0.00,8.39,,0.61,,457.60,,,,,,,8.33,"1,697.30",,,0.00,112.00,"15,204.00",,118.30,,19.00,,2.61,
11/07/17,LN2_SB,,,,,,,,,,,>1.6E+04,>1.6E+04,"24,900.00",,"4,550.00","11,797.00",,,,,,,,,,,,,,,,,7.68,,,,,320.00,"14,465.00",,,,,,,
11/07/17,LN2_CB,,,,,,,,,,,3.30E+04,7.90E+04,"21,000.00",,"4,075.00","10,067.00",,,,,,,,,,,,,,,,,8.05,,,,,300.00,"12,590.00",,,,,,,
11/21/17,LN2_CB,,,,,,,,,,,7.90E+05,1.30E+06,"23,000.00",,"6,700.00","12,471.00",,,,,,,,,,,,,,,,,8.08,,,,,706.00,"15,220.00",,,,,,,
11/21/17,LN2_SB,,,,,,,,,,,1.10E+06,9.20E+06,"22,800.00",,"11,600.00","18,254.00",,,,,,,,,,,,,,,,,7.60,,,,,404.00,"17,590.00",,,,,,,
12/05/17,LN2_CB,,,,,,,,,,,9.20E+05,9.20E+05,"2,560.00",,"11,200.00","45,240.00",,,,,,,,,,,,,,,,,7.23,,,,,"1,412.00","26,408.00",,,,,,,
12/05/17,LN2_SB,,,,,,,,,,,2.20E+05,5.40E+05,"2,570.00",,"10,800.00","37,417.00",,,,,,,,,,,,,,,,,7.25,,,,,"1,540.00","26,724.00",,,,,,,
12/19/17,LN2_SB,,,,,,,,,,,7.00E+05,5.40E+06,"25,000.00",,"31,500.00","42,926.00",,,,,,,,,,,,,,,,,7.41,,,,,"1,070.00","27,270.00",,,,,,,
12/19/17,LN2_CB,,,,,,,,,,,4.90E+04,2.20E+05,"24,000.00",,"13,250.00","26,395.00",,,,,,,,,,,,,,,,,7.55,,,,,480.00,"18,970.00",,,,,,,
01/09/18,LN1,"4,926.72","1,013.10",,"2,463.36",23.10,,"2,463.36",,,"2,461.80",3.40E+03,2.30E+04,,114.40,**,"1,109.00",,,,7.63,0.00,3.44,,0.60,,191.40,,,,,,,8.61,<50,,,0.00,46.00,"4,810.00",,17.80,,24.00,,0.25,** La DBO es menor a la esperada <200 mg/l
01/09/18,LN2_SB,"8,621.76","2,420.00",,"5,542.56",<10,,"3,079.20",,,127.60,2.20E+03,1.10E+04,,320.10,"26,000.00","22,774.00",,,,19.99,0.00,52.35,,6.54,,377.30,,,,,,,7.72,<50,,,interferencia,460.00,"17,440.00",,49.80,,40.00,,1.30,
01/09/18,LN2_CB,"11,906.24","5,902.60",,"11,906.24",<10,,interferencia,,,"3,557.40",3.30E+04,5.40E+05,,405.90,**,"40,649.00",,,,10.52,interferencia,13.51,,17.77,,608.30,,,,,,,7.43,<50,,,10.00,"1,880.00","27,720.00",,428.20,,18.80,,3.13,
01/23/18,LN2_CB,,,,,,,,,,,3.30E+04,7.00E+04,"16,440.00",,"2,650.00","5,530.00",,,,,,,,,,,,,,,,,8.43,,,,,"1,410.00","9,160.00",,,,,,,
01/23/18,LN2_SB,,,,,,,,,,,1.10E+04,1.70E+04,"27,500.00",,"3,500.00","8,698.00",,,,,,,,,,,,,,,,,8.37,,,,,530.00,"15,220.00",,,,,,,
02/06/18,LN2_SB,,,,,,,,,,,4.90E+04,2.40E+05,"25,500.00",,"3,800.00","19,878.00",,,,,,,,,,,,,,,,,8.27,,,,,240.00,"13,700.00",,,,,,,
02/06/18,LN2_CB,,,,,,,,,,,>1.6E+06,>1.6E+06,"19,250.00",,"11,600.00","12,458.00",,,,,,,,,,,,,,,,,7.50,,,,,"1,320.00","16,790.00",,,,,,,
02/20/18,LN2_SB,,,,,,,,,,,2.30E+04,1.30E+05,"18,980.00",,"5,800.00","16,117.00",,,,,,,,,,,,,,,,,8.02,,,,,"1,020.00","13,056.00",,,,,,,
02/20/18,LN2_CB,,,,,,,,,,,2.30E+04,2.30E+04,"17,510.00",,"3,250.00","7,218.00",,,,,,,,,,,,,,,,,7.94,,,,,160.00,"10,868.00",,,,,,,
03/06/18,LN2_SB,,,,,,,,,,,1.70E+04,3.30E+04,"24,500.00",,"8,200.00","14,792.00",,,,,,,,,,,,,,,,,7.99,,,,,550.00,"15,410.00",,,,,,,
03/06/18,LN2_CB,,,,,,,,,,,4.90E+03,1.70E+04,"19,260.00",,"3,250.00","7,270.00",,,,,,,,,,,,,,,,,7.95,,,,,440.00,"10,890.00",,,,,,,
03/20/18,LN2_SB,,,,,,,,,,,1.30E+04,4.60E+04,"26,400.00",,"3,300.00","9,234.00",,,,,,,,,,,,,,,,,8.14,,,,,230.00,"13,810.00",,,,,,,
03/20/18,LN2_CB,,,,,,,,,,,4.90E+03,1.30E+04,"22,200.00",,"3,450.00","8,602.00",,,,,,,,,,,,,,,,,8.01,,,,,950.00,"13,360.00",,,,,,,
04/03/18,LN1,"6,024.60","3,311.00",,"4,317.63",<10,,"1,706.97",,,20.90,1.30E+04,4.60E+04,,124.30,178.00,"1,716.00",,,,9.64,0.00,19.54,,2.06,,163.90,,,,,,,8.20,38.50,,,20.00,730.00,"5,310.00",,5.00,,10.00,,0.43,
04/03/18,LN2_SB,"5,321.73","16,181.00",,"3,514.35",<10,,"1,807.38",,,141.90,2.30E+04,2.40E+05,,218.90,"1,090.00","5,303.00",,,,15.50,0.00,32.65,,1.73,,250.80,,,,,,,8.26,<50,,,7.00,"1,395.00","9,510.00",,122.20,,35.00,,0.70,
04/03/18,LN2_CB,"8,434.44","2,159.30",,"6,225.42",<10,,"2,209.02",,,28.60,3.30E+03,1.30E+04,,612.70,"2,500.00","7,529.00",,,,16.39,0.00,8.19,,1.12,,364.10,,,,,,,8.28,<50,,,0.50,310.00,"14,130.00",,79.70,,6.00,,0.59,
04/17/18,LN1,,"1,281.50",,,<10,,,,,<10,7.90E+04,7.90E+04,"10,800.00",138.60,"1,650.00","5,173.00",,,,9.67,,7.60,,1.04,<6,146.30,,,,788.79,,229.47,8.03,<50,,,,346.00,,236.00,,,2.00,,0.48,
04/17/18,LN2_CB,,"3,743.30",,,<10,,,,,45.10,4.50E+03,1.70E+04,"20,400.00",444.40,"2,100.00","8,027.00",,,,18.98,,14.49,,1.43,<6,331.10,,,,"1,577.58",,588.01,7.89,<50,,,,576.00,,304.00,,,3.07,,0.57,
04/17/18,LN2_SB,,776.60,,,<10,,,,,19.80,4.00E+03,3.30E+04,"25,300.00",466.40,"2,200.00","7,892.00",,,,,,7.72,,0.70,<6,336.60,,,,,,,8.05,52.80,,,,160.00,"13,104.00",,,,,,0.45,
05/22/18,LN2_SB,,,,,,,,,,,5.40E+05,5.40E+05,"21,000.00",,790.00,"5,817.00",,,,,,,,,,,,,,,,,7.98,,,,,110.00,"10,776.00",,,,,,,
05/22/18,LN2_CB,,"3,987.50",,,<10,,,,,49.50,1.70E+03,3.40E+03,"17,570.00",390.50,970.00,"4,664.00",,,,,,12.51,,1.36,<6,290.40,,,,,,,8.01,53.90,,,,480.00,"10,284.00",,,,,,0.54,
06/05/18,LN2_SB,,,,,,,,,,,2.00E+03,7.80E+03,"25,500.00",,"21,000.00","41,303.00",,,,,,,,,,,,,,,,,7.39,,,,,"2,510.00","25,490.00",,,,,,,
06/05/18,LN2_CB,,,,,,,,,,,1.30E+04,1.30E+04,"19,440.00",,"4,850.00","11,862.00",,,,,,,,,,,,,,,,,7.92,,,,,730.00,"13,550.00",,,,,,,
06/22/18,LN1,,"2,763.20",,,<10,,,,,27.50,,,"11,690.00",105.60,400.00,"2,521.00",,,,9.78,,6.30,,0.54,<6,158.40,0.67,,,,"1,061.00",,,<50,,,,332.00,"5,970.00","1,980.00",,,21.00,,0.13,
06/19/18,LN2_SB,,,,,,,,,,,**,7.80E+03,"24,100.00",,***,"5,059.00",,,,,,,,,,,,,,,,,8.39,,,,,210.00,"12,020.00",,,,,,,***DBO es menor a la esperaada <1000 mg/l
06/19/18,LN2_CB,,"1,009.80",,,<10,,,,,50.60,**,4.50E+03,"20,600.00",500.50,"1,000.00","5,629.00",,,,49.70,,5.05,,1.15,,313.50,0.43,,,,"1,778.36",,8.32,<50,,,,130.00,"11,460.00",,,,22.00,,0.31,** No hay crecimiento en la dilucion sembrada
07/03/18,LN2_CB,,,,,,,,,,,,,"23,000.00",,"1,375.00","7,107.00",,,,,,,,,,,,,,,,,7.98,,,,,230.00,"13,320.00",,,,,,,
07/03/18,LN2_SB,,,,,,,,,,,,,"52,200.00",,"5,000.00","14,524.00",,,,,,,,,,,,,,,,,8.01,,,,,"1,400.00","17,930.00",,,,,,,
07/17/18,LN1,,,,,<10,,,,,<10,4.50E+02,7.80E+02,"5,540.00",176.00,550.00,"3,144.00",,,,,,5.46,,0.34,,227.70,,,,,,,8.44,<50,,,,122.00,"8,724.00",,,,,,0.25,
07/17/18,LN2_CB,,"11,506.00",,,<10,,,,,<10,**,7.80E+02,"23,000.00",628.10,"3,450.00","8,360.00",,,,16.59,,13.30,,2.28,<6,342.10,2.91,,,,"1,924.56",,7.83,<50,,,,376.00,"13,468.00","5,018.00",,,35.00,,0.36,** No hay crecimiento en la dilucion sembrada
07/17/18,LN2_SB,,815.10,,,<10,,,,,<10,4.50E+02,4.90E+03,"25,200.00",591.80,450.00,"4,034.00",,,,24.01,,4.58,,0.42,<6,356.40,0.56,,,,"2,462.31",,8.16,<50,,,,116.00,"11,334.00","3,056.00",,,30.00,,0.46,
07/31/18,LN2_SB,,,,,,,,,,,3.30E+02,3.30E+03,"22,700.00",,600.00,"4,343.00",,,,,,,,,,,,,,,,,8.11,,,,,78.00,"11,602.00",,,,,,,
07/31/18,LN2_CB,,,,,,,,,,,3.30E+02,7.90E+02,"21,000.00",,"3,300.00","7,135.00",,,,,,,,,,,,,,,,,7.80,,,,,250.00,"13,428.00",,,,,,,
08/28/18,LN1,,"2,989.80",,,<10,,,,,<10,**,**,"16,660.00",205.70,475.00,"3,018.00",,,,19.23,,26.21,,0.65,<6,284.90,interferencia,,,,"2,009.47",,8.44,<50,,,,490.00,"9,148.00","2,484.00",,,27.00,,1.52,** No hay crecimiento en la dilucion sembrada
08/28/18,LN2_CM,,756.80,,,<10,,,,,<10,**,1.70E+04,"22,300.00",587.40,"6,900.00","16,327.00",,,,17.41,,15.19,,1.91,<6,352.00,1.53,,,,"2,320.80",,7.99,<50,,,,250.00,"16,308.00","2,780.00",,,20.00,,0.47,** No hay crecimiento en la dilucion sembrada
08/28/18,LN2_SB,,,,,,,,,,,**,**,"24,900.00",,"13,250.00","24,155.00",,,,,,,,,,,,,,,,,8.16,,,,,448.00,"18,676.00",,,,,,,** No hay crecimiento en la dilucion sembrada
08/28/18,LN2_CB,,,,,,,,,,,**,**,"23,000.00",,"7,300.00","15,635.00",,,,,,,,,,,,,,,,,7.94,,,,,256.00,"16,244.00",,,,,,,** No hay crecimiento en la dilucion sembrada
09/11/18,LN1,,966.90,,,<10,,,,,<10,4.50E+02,4.50E+02,"18,900.00",183.70,248.00,"2,420.00",,,,15.22,,3.86,,0.33,<6,265.10,0.09,,,,"2,010.09",,8.43,<50,,,,42.00,"8,186.00","1,994.00",,,3.00,,0.23,
09/11/18,LN2_CM,,645.70,,,<10,,,,,<10,4.90E+03,1.10E+04,"26,800.00",564.30,"6,500.00","14,341.00",,,,16.67,,12.05,,1.29,<6,401.50,interferencia,,,,"2,580.00",,8.00,<50,,,,168.00,"16,682.00","6,932.00",,,3.00,,0.49,
09/11/18,LN2_SB,,,,,,,,,,,1.70E+05,5.40E+05,"27,300.00",,"8,300.00","17,360.00",,,,,,,,,,,,,,,,,8.19,,,,,116.00,"17,836.00",,,,,,,
09/11/18,LN2_CB,,,,,,,,,,,7.90E+03,3.30E+04,"27,200.00",,"7,700.00","17,013.00",,,,,,,,,,,,,,,,,7.91,,,,,128.00,"17,984.00",,,,,,,
09/25/18,LN2_SB,,,,,,,,,,,2.70E+03,2.70E+03,"27,900.00",,"10,200.00","17,120.00",,,,,,,,,,,,,,,,,8.20,,,,,220.00,"35,716.00",,,,,,,
09/25/18,LN2_CB,,,,,,,,,,,7.80E+02,1.10E+03,"27,200.00",,**,"14,566.00",,,,,,,,,,,,,,,,,7.93,,,,,124.00,"8,628.00",,,,,,,**La DBO es mayor a la esperada >7000 mg/l
10/16/18,LN1,,"2,403.50",,,<10,,,,,59.40,1.80E+02,1.10E+03,20.20,224.40,**,"2,623.00",,,,11.37,,7.51,,0.21,<6,313.50,0.08,,,,"1,613.80",,8.31,<50,,,,170.00,"8,920.00","2,830.00",,,104.00,,0.49,** La DBO es menor a la esperada <1000 mg/l
10/16/18,LN2_SB,,,,,,,,,,,2.70E+03,1.70E+04,"28,200.00",,"7,050.00","14,406.00",,,,,,,,,,,,,,,,,8.30,,,,,270.00,"18,820.00",,,,,,,
10/16/18,LN2_CB,,,,,,,,,,,1.10E+03,2.70E+03,"28,100.00",,"6,550.00","14,116.00",,,,,,,,,,,,,,,,,7.93,,,,,350.00,"18,250.00",,,,,,,
10/30/18,LN1,"3,468.34","1,011.50",,612.06,<10,,"2,856.28",,,31.80,2.20E+01,1.10E+02,,230.70,400.00,"2,332.00",,,,12.08,0.00,5.13,,0.32,,309.10,,,,,,,8.68,<50,,,0.10,110.00,"9,180.00",,100.70,,22.00,,0.29,
10/30/18,LN2_SB,"4,998.49","1,610.40",,"1,326.13",<10,,"3,672.36",,,165.00,3.30E+02,1.10E+03,,679.80,"5,300.00","11,446.00",,,,22.62,0.00,12.87,,0.77,,482.90,,,,,,,8.60,<50,,,0.20,270.00,"17,470.00",,138.90,,10.00,,8.63,
10/30/18,LN2_CB,"5,814.57","1,727.00",,"5,814.57",<10,,0.00,,,59.40,1.10E+03,1.10E+03,,642.40,"5,650.00","9,179.00",,,,19.63,0.00,10.20,,0.08,,443.30,,,,,,,8.19,<50,,,0.50,160.00,"17,110.00",,113.00,,8.00,,2.86,
11/13/18,LN2_SB,,,,,,,,,,,9.40E+03,2.40E+05,"24,400.00",,"9,500.00","16,073.00",,,,,,,,,,,,,,,,,8.19,,,,,656.00,"15,232.00",,,,,,,
11/13/18,LN2_CB,,,,,,,,,,,1.30E+05,3.50E+05,"18,600.00",,"5,600.00","15,765.00",,,,,,,,,,,,,,,,,8.08,,,,,744.00,"13,336.00",,,,,,,
11/27/18,LN2_SB,,,,,,,,,,,3.30E+04,4.90E+04,"19,490.00",,"11,250.00","17,827.00",,,,,,,,,,,,,,,,,7.77,,,,,726.00,"14,555.00",,,,,,,
11/27/18,LN2_CB,,,,,,,,,,,7.00E+04,4.60E+05,"11,320.00",,"3,200.00","5,163.00",,,,,,,,,,,,,,,,,7.87,,,,,164.00,"8,030.00",,,,,,,
12/18/18,LN1,,"1,346.40",,,<10,,,,,<10,2.00E+03,6.80E+03,"17,130.00",307.67,635.00,"2,556.00",,,,12.07,,9.60,,0.55,<6,<50,,,0.20,,"163,877.00",,8.28,<50,,,,136.00,"8,288.00","2,404.00",,,41.00,,0.32,
12/18/18,LN2_CM,,"4,604.60",,,<10,,,,,<10,2.00E+03,1.70E+04,"22,600.00",<20,"14,125.00","21,503.00",,,,14.38,,62.05,,6.98,<6,<50,,,0.40,,"1,974.25",,7.75,<50,,,,708.00,"17,816.00","7,892.00",,,76.00,,1.17,
12/18/18,LN2_SB,,,,,,,,,,,2.00E+03,4.50E+03,"19,600.00",,"6,250.00","28,875.00",,,,,,,,,,,,,,,,,7.64,,,,,"1,640.00","22,020.00",,,,,,,
12/18/18,LN2_CB,,,,,,,,,,,2.00E+03,2.00E+03,"24,900.00",,**,"12,828.00",,,,,,,,,,,,,,,,,7.45,,,,,190.00,"14,690.00",,,,,,,"**: La BBO5 es mayor a la esperada, >10000mg/l"
01/22/19,LN1,,"6,315.10",,,<10,,,,,92.29,,,"11,440.00",<20,380.00,"2,138.00",,,,13.26,,14.87,,0.60,<6,220.66,,,0.28,731.20,"1,406.16",674.96,8.68,<50,,,,380.00,"6,425.00","1,695.00",,,116.00,,0.45,
01/22/19,LN2_CM,,"3,402.30",,,<10,,,,,152.57,,,"17,450.00",53.82,"2,700.00","6,747.00",,,,16.46,,17.84,,1.66,<6,397.32,,,0.31,956.19,"1,884.25",928.07,8.22,<50,,,,340.00,"12,705.00","5,160.00",,,12.00,,0.49,
01/22/19,LN2_SB,,,,,,,,,,,,,"18,570.00",,"3,550.00","10,163.00",,,,,,,,,,,,,,,,,8.15,,,,,,,,,,,,,
01/22/19,LN2_CB,,,,,,,,,,,,,"16,880.00",,"2,850.00","7,720.00",,,,,,,,,,,,,,,,,8.32,,,,,,,,,,,,,
02/05/19,LN2_SB,,,,,,,,,,,,,"22,800.00",,"8,400.00","14,689.00",,,,,,,,,,,,,,,,,8.25,,,,,,,,,,,,,
02/05/19,LN2_CB,,,,,,,,,,,,,"16,520.00",,"3,300.00","8,308.00",,,,,,,,,,,,,,,,,8.00,,,,,,,,,,,,,
02/19/19,LN1,,"3,098.70",,,<10,,,,,134.20,,,"13,430.00",654.17,"5,700.00","9,950.00",,,,,,30.17,,2.41,<50,<6,,,,,,,7.85,<50,,,,360.00,"11,540.00",,,,,,1.54,
02/19/19,LN2_CM,,"23,067.00",,,<10,,,,,144.32,,,"19,730.00",700.48,"3,850.00","10,056.00",,,,,,56.18,,3.55,565.29,<6,,,,,,,8.07,<50,,,,808.00,"14,988.00",,,,,,1.65,
02/19/19,LN2_SB,,,,,,,,,,,,,"23,800.00",,"3,450.00","14,412.00",,,,,,,,,,,,,,,,,8.08,,,,,,,,,,,,,
02/19/19,LN2_CB,,,,,,,,,,,,,"21,400.00",,"4,700.00","14,306.00",,,,,,,,,,,,,,,,,8.26,,,,,,,,,,,,,
03/12/19,LN2_SB,,,,,,,,,,,,,"14,880.00",,"5,400.00","9,563.00",,,,,,,,,,,,,,,,,7.69,,,,,,,,,,,,,
03/12/19,LN2_CB,,,,,,,,,,,,,"13,290.00",,"2,550.00","13,115.00",,,,,,,,,,,,,,,,,7.71,,,,,,,,,,,,,
03/26/19,LN1,,"5,095.20",,,<10,,,,,25.46,,,"8,450.00",146.96,"1,850.00","7,304.00",,,,,,17.37,,1.75,<6,215.49,,,,,,,8.05,<50,,,,230.00,"8,396.00",,,,,,0.54,
03/26/19,LN2_CM,,"6,603.30",,,<10,,,,,53.14,,,"9,460.00",304.59,"2,600.00","10,272.00",,,,,,23.67,,3.05,<6,240.35,,,,,,,7.72,<50,,,,560.00,"9,204.00",,,,,,1.42,
03/26/19,LN2_SB,,,,,,,,,,,,,"6,100.00",,570.00,"7,513.00",,,,,,,,,,,,,,,,,6.98,,,,,,,,,,,,,
03/26/19,LN2_CB,,,,,,,,,,,,,"11,930.00",,**,"19,070.00",,,,,,,,,,,,,,,,,7.06,,,,,,,,,,,,,** La DBO es mayor a lo esperado
04/09/19,LN2_SB,,,,,,,,,,,,,"15,940.00",,"14,500.00","18,599.00",,,,,,,,,,,,,,,,,7.02,,,,,,,,,,,,,
04/09/19,LN2_CB,,,,,,,,,,,,,"11,060.00",,"7,500.00","12,381.00",,,,,,,,,,,,,,,,,6.48,,,,,,,,,,,,,
04/23/19,LN1,"6,588.00",834.35,,"4,860.00",<10,,"1,728.00",,,129.90,1.30E+03,1.60E+04,"14,550.00",180.84,"1,350.00","3,415.00",,,,12.14,0.00,6.12,,1.10,<6,301.95,0.21,interferencia,,,"1,906.95",853.86,8.26,69.49,,,0.00,88.00,"7,580.00","3,360.00",64.80,,58.00,,0.46,
04/23/19,LN2_CM,"6,372.00","9,339.00",,"6,372.00",<10,,0.00,,,422.90,4.90E+04,1.70E+05,"15,320.00",618.64,**,"15,938.00",,,,15.66,0.00,34.69,,8.45,<6,316.69,0.40,interferencia,,,"1,024.63",56.92,7.70,69.70,,,8.00,664.00,"13,270.00","7,060.00",13.90,,84.00,,0.18,** La DBO es mayor a la esperada >3500
04/23/19,LN2_SB,,,,,,,,,,,,,"14,250.00",,**,"30,976.00",,,,,,,,,,,,,,,,,6.17,,,,,,,,,,,,,** La DBO es mayor a lo esperada >14000
04/23/19,LN2_CB,,,,,,,,,,,,,"14,820.00",,***,"19,855.00",,,,,,,,,,,,,,,,,7.19,,,,,,,,,,,,,***La DBO es mayor a lo esperada >7000
05/07/19,LN2_SB,,,,,,,,,,,,,"14,530.00",,"18,000.00","34,885.00",,,,,,,,,,,,,,,,,6.55,,,,,,,,,,,,,
05/07/19,LN2_CB,,,,,,,,,,,,,"15,440.00",,"13,500.00","19,111.00",,,,,,,,,,,,,,,,,7.32,,,,,,,,,,,,,
05/21/19,LN1,,"3,666.30",,,33.08,,,,,34.95,,,"14,280.00",188.65,950.00,"8,998.00",,,,,,4.87,,0.91,<6,273.46,,,,,,,8.37,366.30,,,,104.00,"7,060.00",,,,,,1.42,
05/21/19,LN2_CM,,"3,328.60",,,19.91,,,,,54.95,,,"14,690.00",460.35,"5,400.00","7,570.00",,,,,,21.87,,6.17,<6,286.77,,,,,,,7.99,214.50,,,,328.00,"10,976.00",,,,,,1.66,
05/21/19,LN2_SB,,,,,,,,,,,,,"8,640.00",,"13,750.00","15,321.00",,,,,,,,,,,,,,,,,6.46,,,,,,,,,,,,,
05/21/19,LN2_CB,,,,,,,,,,,,,"13,050.00",,"11,500.00","12,465.00",,,,,,,,,,,,,,,,,7.62,,,,,,,,,,,,,
06/04/19,LN2_SB,,,,,,,,,,,,,"14,650.00",,"18,000.00","20,175.00",,,,,,,,,,,,,,,,,6.29,,,,,,,,,,,,,
06/04/19,LN2_CB,,,,,,,,,,,,,"14,520.00",,**,"18,710.00",,,,,,,,,,,,,,,,,7.30,,,,,,,,,,,,,**La DBO es mayor a la esperada >14000 mg/l
06/18/19,LN1,,766.15,,,<10,,,,,551.43,,,"13,900.00",338.25,"1,138.00","2,857.00",,,,,,3.78,,0.75,<6,443.85,,,,,,,8.39,<50,,,,112.00,"8,128.00",,,,,,0.54,
06/18/19,LN2_CM,,"14,916.00",,,44.00,,,,,346.83,,,"17,460.00",910.14,**,"10,151.00",,,,,,77.29,,8.72,<6,699.49,,,,,,,8.09,95.45,,,,"1,470.00","15,080.00",,,,,,2.90,**La DBO es mayor a la esperada >7000 mg/l
06/18/19,LN2_SB,,,,,,,,,,,,,"21,600.00",,**,"20,262.00",,,,,,,,,,,,,,,,,5.96,,,,,,,,,,,,,**La DBO es mayor a la esperada >7000 mg/l
06/18/19,LN2_CB,,,,,,,,,,,,,"20,500.00",,"12,150.00","20,362.00",,,,,,,,,,,,,,,,,7.49,,,,,,,,,,,,,
07/09/19,LN2_SB,,,,,,,,,,,,,"24,600.00",,"49,250.00","49,980.00",,,,,,,,,,,,,,,,,6.14,,,,,,,,,,,,,
07/09/19,LN2_CB,,,,,,,,,,,,,"18,320.00",,"9,050.00","17,205.00",,,,,,,,,,,,,,,,,7.82,,,,,,,,,,,,,
08/27/19,LN1,,728.09,,,<10,,,,,66.49,,,"15,980.00",247.10,215.00,"2,652.00",,,,13.88,,4.22,,0.38,<6,357.70,,,0.28,,"1,723.68",229.82,8.36,<50,,,,36.00,"8,220.00","1,928.00",,,35.00,,0.47,
08/27/19,LN2_CM,,"3,754.30",,,<10,,,,,71.08,,,"22,000.00",481.69,"10,900.00","17,967.00",,,,15.35,,4.25,,0.37,<6,513.26,,,0.18,,"2,269.51",316.01,7.63,<50,,,,400.00,"18,024.00","7,700.00",,,43.00,,0.99,
08/27/19,LN2_SB,,,,,,,,,,,,,"19,810.00",,"29,250.00","54,454.00",,,,,,,,,,,,,,,,,6.70,,,,,,,,,,,,,
08/27/19,LN2_CB,,,,,,,,,,,,,"2,100.00",,**,"19,635.00",,,,,,,,,,,,,,,,,7.51,,,,,,,,,,,,,**La DBO es mayor a la esperada  >7000 mg/l
09/17/19,LN1,,989.90,,,<10,,,,,75.83,,,"16,160.00",292.27,**,"2,167.00",,,,,,5.00,,0.41,<6,439.78,,,,,,,8.12,302.94,,,,50.00,"8,315.00",,,,,,0.42,**La DBO es menor a la esperada  <1000 mg/l
09/17/19,LN2_CM,,"13,431.00",,,<10,,,,,569.14,,,"22,700.00",137.28,***,"19,619.00",,,,,,74.18,,3.37,<6,645.59,,,,,,,7.47,132.11,,,,790.00,"18,690.00",,,,,,1.79,*** La DBO es mayor a la esperada >14000 mg/l
09/17/19,LN2_SB,,,,,,,,,,,,,"22,700.00",,"11,400.00","50,215.00",,,,,,,,,,,,,,,,,5.96,,,,,,,,,,,,,
09/17/19,LN2_CB,,,,,,,,,,,,,"21,900.00",,**,"31,269.00",,,,,,,,,,,,,,,,,7.22,,,,,,,,,,,,,** La DBO es mayor a la esperada >14000 mg/l
10/08/19,LN2_SB,,,,,,,,,,,,,"9,530.00",,"8,400.00","12,101.00",,,,,,,,,,,,,,,,,6.88,,,,,,,,,,,,,
10/08/19,LN2_CB,,,,,,,,,,,,,"22,500.00",,"12,750.00","18,298.00",,,,,,,,,,,,,,,,,7.72,,,,,,,,,,,,,
10/22/19,LN1,"4,700.28",726.88,,"2,656.88",<10,,"2,043.60",,,<10,2.40E+03,2.40E+03,"10,240.00",42.68,390.00,"2,334.00",,,,7.65,0.00,6.41,,0.70,<6,62.49,1.09,interferencia,,861.84,,430.92,8.26,<50,,,0.00,310.00,"5,800.00","2,160.00",36.20,,42.00,,0.41,
10/22/19,LN2_CM,"5,722.08",977.02,,"3,474.12",<10,,"2,247.96",,,31.79,5.40E+05,5.40E+05,"13,520.00",233.09,"6,700.00","13,503.00",,,,9.73,0.00,32.80,,5.97,<6,302.61,0.14,interferencia,,"1,074.43",,333.24,7.75,<50,,,0.00,790.00,"12,780.00","6,820.00",131.50,,58.00,,2.27,
10/22/19,LN2_SB,,,,,,,,,,,,,"20,700.00",,**,"8,382.00",,,,,,,,,,,,,,,,,6.36,,,,,,,,,,,,,**La DBO es mayor a la esperada >7000 mg/l
10/22/19,LN2_CB,,,,,,,,,,,,,"12,800.00",,"12,250.00","54,712.00",,,,,,,,,,,,,,,,,7.04,,,,,,,,,,,,,
11/12/19,LN2_SB,,,,,,,,,,,,,"19,870.00",,"32,500.00","56,389.00",,,,,,,,,,,,,,,,,6.67,,,,,,,,,,,,,
11/12/19,LN2_CB,,,,,,,,,,,,,"16,930.00",,"1,900.00","27,820.00",,,,,,,,,,,,,,,,,7.42,,,,,,,,,,,,,
11/19/19,LN2_SB,,,,,,,,,,,,,"19,180.00",,"40,500.00","47,654.00",,,,,,,,,,,,,,,,,6.85,,,,,,,,,,,,,
11/19/19,LN2_CB,,,,,,,,,,,,,"16,030.00",,"11,250.00","24,203.00",,,,,,,,,,,,,,,,,7.55,,,,,,,,,,,,,
12/03/19,LN2_SB,,,,,,,,,,,,,"11,460.00",,"4,600.00","9,833.00",,,,,,,,,,,,,,,,,7.76,,,,,,,,,,,,,
12/03/19,LN2_CB,,,,,,,,,,,,,"11,820.00",,"1,625.00","4,354.00",,,,,,,,,,,,,,,,,7.79,,,,,,,,,,,,,
12/17/19,LN1,,602.8,,,<10,,,,,197.45,,,"14,310.00",117.37,**,"1,542.00",,,,,,5.6067,,0.96569,<6,169.62,,,,,,,8.16,<50,,,,16,4416,,,,,,0.54351,** La DBO es menor a la esperada <200 mg/l
12/17/19,LN2_CM,,19613,,,<10,,,,,130.02,,,"18,980.00",290.73,"11,000.00","26,603.00",,,,,,68.222,,13.662,<6,355.08,,,,,,,7.32,50.71,,,,680,13710,,,,,,1.1891,
